,invoice_item_id,invoice,count,product
0,709a84a6-305a-4f0d-beea-cfba952947f9,inv_1001,3,p_214
1,aaca4dba-ac94-4f18-9a0e-a63d7bcc8317,inv_1001,3,p_210
2,9cb29994-ceed-4dda-9838-2c6a08316c7f,inv_1002,4,p_29
3,949769e1-9a27-4cee-b7f0-f0392b76f59a,inv_1003,1,p_42
4,da8fae0d-e5b4-4e76-8af0-26c2eac2a43e,inv_1003,2,p_213
5,c21aaa5c-9e46-4235-b55a-f952e7b22996,inv_1003,3,p_207
6,577bcf17-e693-46db-a087-329367c22101,inv_1003,4,p_222
7,c2fa28bd-89ed-4418-8ca8-14289dce19ec,inv_1004,2,p_215
8,618bff59-aea2-4845-91a9-171f8ab2825c,inv_1004,3,p_83
9,f1b36187-2bd0-4efb-bf4f-bcddabe0b129,inv_1005,3,p_203
10,a3dfb9fe-0f9e-4636-a64d-8ca14e361622,inv_1005,4,p_216
11,4062701e-5196-4901-b7e7-d86ab7b881e0,inv_1006,2,p_52
12,081d2d80-613c-4277-a5eb-661f5571f5ba,inv_1006,1,p_55
13,0ba002fc-3d13-4801-8724-6f4e9deb3b43,inv_1006,2,p_105
14,ae77c251-a51e-4dba-94dd-cfecb0c032d1,inv_1007,4,p_224
15,bca397db-cebc-4f05-ba55-ffad098e9767,inv_1007,4,p_18
16,db48ed3f-a01c-413c-86be-300c6d43498f,inv_1007,2,p_212
17,11dd4071-3439-4791-bb38-eaa880142572,inv_1007,4,p_38
18,0f32cefd-6eb8-43c8-b4c8-b865d74bceef,inv_1008,4,p_211
19,ba3c238c-629c-4c0e-b4d3-ce602f257064,inv_1008,1,p_202
20,48d245d7-3431-46fa-b55d-0df1391aa49a,inv_1008,1,p_105
21,6b545b1a-2a06-43b6-a470-33634a6eb9cb,inv_1008,3,p_110
22,fc1c5c4f-34ea-4cf0-bf53-60fb37ec210e,inv_1008,4,p_208
23,b431f483-0a8b-437d-a775-1ff353a228f3,inv_1009,3,p_110
24,5d33eb69-2e77-4356-8d09-af7e20a41e2c,inv_1010,1,p_87
25,40148a64-b407-4404-927c-be593048876a,inv_1010,4,p_28
26,29e53318-5343-48be-8c7d-940fca4daa36,inv_1011,1,p_201
27,7790e533-7ba9-4c13-951e-ea3ebafd0f40,inv_1011,1,p_218
28,c3fc7c70-c991-415d-b94f-dcb9f2db4568,inv_1011,3,p_28
29,dbeb2c38-d27e-44c1-9206-c76163ee80c4,inv_1012,2,p_221
30,61c372b2-6c65-465e-bcb9-3b378ae0e449,inv_1012,4,p_203
31,8044276d-4bbe-488a-bf25-21d586a69401,inv_1012,3,p_211
32,3fb7f995-ea50-492c-8d17-8107ad3afaa9,inv_1013,3,p_216
33,60bc5681-2523-4d51-be77-c5d818da69fa,inv_1013,4,p_210
34,7cdcb8ee-d3a8-4064-8874-a2065421bd12,inv_1013,3,p_216
35,c6f36cdb-4f82-4834-aff6-2e790285275b,inv_1013,1,p_99
36,213406bb-3a07-4c5f-bb6f-e794c61005c0,inv_1013,3,p_208
37,e290ab6a-80de-4a08-bbc3-f14ccee84151,inv_1014,4,p_220
38,209fd381-b0be-4b11-9f4a-0e40141c9c10,inv_1015,4,p_14
39,1779be3d-d16a-4172-9de8-77bc376d4bfd,inv_1015,1,p_207
40,27e7b3ba-2697-462c-8fec-d063f98590e3,inv_1015,1,p_30
41,a6fdc11d-537c-458a-a834-13ddd739f3a4,inv_1015,3,p_214
42,ad65a3c1-f899-4f4c-aef3-a003a5837da5,inv_1015,2,p_33
43,23cbc5f6-906c-4424-ae34-c2d3e2432e0d,inv_1016,3,p_211
44,b06571a6-b8ba-45b7-8f55-c363995e3b25,inv_1017,2,p_52
45,cf491ebc-fca4-42f8-acef-8e6b36a73fb4,inv_1017,1,p_213
46,2c7eb0fc-154a-4e9a-96ef-80f0d23bda0d,inv_1017,4,p_100
47,5ed04130-5201-4a98-8d89-47e474b6c3cc,inv_1017,4,p_209
48,57e55391-1488-406f-8499-317ba6275f3b,inv_1018,3,p_211
49,4ce2a1c6-f406-4a4d-bd5b-d6b2a4427e51,inv_1018,3,p_87
50,9c6dd7cc-ec14-4b15-919f-1331755d4d64,inv_1019,1,p_216
51,009e236b-f9c6-4eb9-bc2c-3a6ce1c9b108,inv_1019,1,p_222
52,4d755cfc-d482-4b31-aae7-457be95ea675,inv_1019,1,p_57
53,55dc5a5e-4a45-40d1-95e1-241e1f3d1c88,inv_1020,2,p_8
54,b8749bb4-8a4d-482e-a632-4e458696bb49,inv_1021,3,p_83
55,453434c3-7edf-4a6c-b5b3-0045a0abbe29,inv_1021,4,p_57
56,25be1eb2-9666-4cf7-abaa-c8ca00e17e8b,inv_1021,1,p_100
57,d6559752-b0ae-4001-9124-3a36b150dd72,inv_1021,4,p_33
58,e2febdc8-b7f7-48be-b6d1-c57dddca4107,inv_1021,4,p_55
59,85c12207-8577-4bad-96da-c15f552fffca,inv_1022,2,p_211
60,c9e53765-e1b7-4692-ba6d-82860e1a1fd6,inv_1023,3,p_223
61,eb4b4476-343f-4fb2-8513-62e7be8d3f16,inv_1023,1,p_48
62,e4a7c6d4-78cf-4cff-a7ef-1dde7b49bf91,inv_1023,1,p_31
63,32747bc9-94bd-457c-b1dd-0431f139de75,inv_1024,2,p_30
64,cc419483-f1ae-425d-98a9-2987119b657a,inv_1024,4,p_31
65,efefcf3b-0e18-4457-b079-c0ef5563bb22,inv_1024,3,p_8
66,be89265e-2c85-42cb-8b07-058e53c0f3a9,inv_1024,3,p_52
67,59b92d8c-161c-4229-8498-2cac86b102f3,inv_1024,2,p_201
68,b3df3bfa-028d-4f15-8a14-0164e548170f,inv_1025,1,p_208
69,1e95560e-d01f-4c99-a72a-c355adc4c59f,inv_1025,2,p_214
70,298a17fc-6d5c-4a95-8f13-a0fe56ac5c88,inv_1025,1,p_110
71,d00ad954-dd08-4d96-95f8-9f5aded9f540,inv_1025,1,p_100
72,ab3923bb-6d34-408f-99eb-b2e5d09a7eb2,inv_1025,3,p_204
73,475cddc4-99f3-49ca-ad32-e3c08f173b85,inv_1026,2,p_200
74,97cdc2c2-e33c-4f3f-8c2e-cb3909abe526,inv_1026,1,p_205
75,b40606ad-1ec4-48a3-97fc-2f6c8f5aed98,inv_1026,4,p_211
76,b9d97191-d63b-4f60-b75c-5b29fb3f0789,inv_1027,2,p_100
77,24a57764-2924-41dc-8fd8-df901f74a3d7,inv_1027,1,p_33
78,15fa4adb-19c1-4ce2-b9e2-adde07ac2d13,inv_1027,2,p_222
79,82cf6053-27be-4605-91ac-ecf7514933ec,inv_1027,2,p_207
80,df3e4943-735f-40fa-b128-ed12c5d0314e,inv_1027,2,p_100
81,16b9df80-edfd-4024-bb36-e36785956e85,inv_1028,2,p_208
82,b13928d0-800a-4e7b-a306-f7d155fd63a7,inv_1028,2,p_99
83,7dd5d8af-6c2c-497d-aac3-75c73c511163,inv_1028,3,p_29
84,3713a7f2-5300-4e11-ac09-78b46b81d03b,inv_1028,1,p_201
85,a6b3f77e-cf32-43b7-9a17-4a9a9ab21ada,inv_1029,3,p_57
86,105755b6-8773-4004-9862-cca1f4108a47,inv_1029,1,p_52
87,a4763393-1f80-48b8-95a8-6df033008ed5,inv_1029,2,p_215
88,62c7825c-f3d0-4b54-9913-83f121be2690,inv_1029,4,p_99
89,d1f20886-97b8-411b-9bea-55fa642076f8,inv_1030,3,p_224
90,71b53c9a-b4be-43f2-a393-157e5d90ff76,inv_1030,4,p_8
91,30372062-66a8-4303-8046-5acdd075701e,inv_1030,2,p_28
92,ca623cce-d5ae-4d62-8e4e-61e4991e54a1,inv_1031,4,p_204
93,a9d1fe6e-d89f-4554-b651-fb4e3185269c,inv_1031,1,p_33
94,df750b68-9000-49ed-9a4a-99873f354d77,inv_1031,3,p_212
95,b2bdd3f3-09df-41b1-a5dd-4b0538223945,inv_1031,2,p_79
96,e5fb5a6c-6dc1-43ed-b79b-e6ef497c7a83,inv_1032,4,p_223
97,de684d22-0246-4a6c-9dd2-0e4692efbe9f,inv_1032,1,p_38
98,d8dadb53-2c16-4e75-aa25-0c6b24a465d5,inv_1032,3,p_99
99,ada731c5-5d71-4763-b11b-c5ea56795833,inv_1033,2,p_204
100,2bd70293-1ed5-482b-a6ba-4ac3d3dbf1a5,inv_1033,2,p_87
101,d6fb7408-9e4c-410e-aa9a-c3a15d7c6d7f,inv_1033,2,p_222
102,2bf5a3a8-0e83-43f2-a03b-70b9456a5578,inv_1034,1,p_83
103,54f8fc66-4836-46d9-afcc-4cbc2e2bf6d9,inv_1034,3,p_62
104,f7501fdd-e39b-4e18-b08f-d73df94ecfae,inv_1034,4,p_80
105,5a1d99aa-1cba-4b20-a49c-331d4a315cc6,inv_1035,1,p_219
106,1682a345-e317-4a2d-9761-7279eac1b704,inv_1035,3,p_80
107,68e527da-b858-42b1-9742-f04877d6104d,inv_1035,2,p_33
108,fa9a31c4-5d81-43dc-bd0f-0dc0ed394f15,inv_1035,3,p_29
109,a5bbb34d-72ee-4c4b-bba0-1775276755a0,inv_1036,4,p_87
110,ac63b2a0-d651-45b2-8966-491cbee6a417,inv_1036,1,p_57
111,981498ad-7bf0-498e-8c8d-6b295c953640,inv_1036,3,p_100
112,1a210ade-89d8-4cf4-a919-2a9ba0179dbd,inv_1036,3,p_100
113,e731f4b4-4292-452f-9543-5a38abe50f64,inv_1037,4,p_42
114,474a7a79-c318-4cc7-aa1e-fe08be86a430,inv_1037,4,p_87
115,0ca8707e-3563-49ff-abc7-e43e8d0bdcc7,inv_1038,2,p_220
116,dd9fab02-fe29-4f60-94e2-7449d7888b96,inv_1038,4,p_208
117,5394eb45-62dc-46a6-b200-a25708bfbfc0,inv_1039,2,p_224
118,007b0227-4928-4300-9b91-6edf880204f6,inv_1039,4,p_62
119,76da41bb-8c19-4173-8a95-cfe1e5346b7c,inv_1039,3,p_211
120,520c7f61-7d68-4f99-b761-951821cbda50,inv_1039,4,p_217
121,32647a6e-8f2e-4bd8-9a82-4e961e9d476f,inv_1040,2,p_214
122,b17cf199-f08a-4ebb-b202-929979076ee5,inv_1040,4,p_42
123,e6f65d57-67c0-4e6f-a7e7-3f04e1d8ca07,inv_1040,2,p_215
124,33ba33dd-555a-4dab-98ff-2a78ab16afa6,inv_1040,3,p_218
125,a5aba47d-ff03-45d1-8130-c7779c965691,inv_1041,1,p_30
126,23586dd8-c39a-4552-8be9-15b6bf833624,inv_1042,1,p_213
127,7f1b3e88-cb12-4bc6-afdb-0d44f974778d,inv_1042,1,p_38
128,1a14dfa8-7e51-409c-aefd-4b0102a31bca,inv_1042,4,p_110
129,a23b8ed7-7bb0-4782-8c8a-b4c2c222158e,inv_1043,1,p_30
130,698ccaa1-bfad-49fb-bedc-46c1f29735cb,inv_1043,3,p_204
131,46f3e9a8-53a6-4da4-a823-c9e83551ed1c,inv_1044,3,p_110
132,21354903-fed2-4956-ad7b-9f1a0b2217dc,inv_1044,1,p_87
133,16c301a9-62b3-45e4-9833-0296c1ca74c8,inv_1044,1,p_87
134,7fbd458c-f8cd-47c5-bae7-da8bdda4368e,inv_1044,3,p_19
135,f6c769b6-bb54-411e-9462-c5254d98624f,inv_1045,3,p_30
136,b8dc8eca-b345-416f-aa9f-66080862e9c5,inv_1045,2,p_208
137,c384569c-f28f-4d5e-8d49-c69b7eba2195,inv_1046,4,p_217
138,9d8c5fd5-0748-47d1-a019-fbb71e578487,inv_1046,1,p_218
139,6cf9c4ee-ca46-490a-9c5c-2a79fb03ce53,inv_1046,3,p_207
140,12fc1539-a11b-4311-b061-42d19f063e58,inv_1046,3,p_216
141,0d2934f2-d34b-4510-bc4f-9c84ca1ff8d8,inv_1047,4,p_29
142,a73665fa-8bbd-4442-8149-97f59c4bcffd,inv_1047,3,p_8
143,4abfa01c-1769-4fe6-afd3-8937cc4ba75a,inv_1047,3,p_79
144,addd0d92-669d-4fdb-9d08-18030f13a1f9,inv_1047,3,p_57
145,9ce3a819-e2f1-4f00-a5db-1204e8a52769,inv_1047,2,p_202
146,cd1e0b81-dbdf-40c3-8504-879da91f6da3,inv_1048,1,p_30
147,14675ebf-de13-464c-88bb-ea1f26d2f49d,inv_1048,4,p_224
148,894b1b33-8824-4ae6-bca2-2987dfb9ab2c,inv_1048,4,p_8
149,f6299425-585e-481c-8b49-b14d1bdd623c,inv_1048,3,p_206
150,808db4ce-a80f-46ec-b941-aa5dcdb2807c,inv_1049,4,p_99
151,26010e80-1041-4804-bf1b-b7f48ca8db03,inv_1049,3,p_99
152,4a7c45cb-1c6e-49a6-ba6d-433c35ca42c4,inv_1049,4,p_217
153,202fff0b-1445-4ffa-8f99-59100a22b962,inv_1049,4,p_30
154,5bcadbc1-5958-4899-b9e8-0126d2b551c7,inv_1049,3,p_62
155,85be908a-0bfb-4594-81aa-0ea897a92e3e,inv_1050,2,p_213
156,b10ed96a-10c6-4dc8-b0cb-6424104ee6ad,inv_1050,1,p_202
157,b9947a48-6c5f-46e4-88f5-1df3e94e2fea,inv_1050,2,p_209
158,ee04dad3-7de3-4edd-9ce4-7704d91dba71,inv_1050,2,p_200
159,d935ea20-3d3a-4735-bf69-b52446c71122,inv_1050,3,p_110
160,7503ce31-d909-45ce-a7e5-c7bea5bc7381,inv_1051,1,p_209
161,aed2920d-95a6-4ef2-910f-9dd226722883,inv_1052,1,p_206
162,521f543f-f462-4a82-81ae-44397b6704ae,inv_1052,1,p_206
163,00bf8881-238b-4ed9-8a7a-aa4acf515005,inv_1052,4,p_55
164,9e673d4b-312a-4736-af3d-c0d18fe575c7,inv_1052,2,p_62
165,768b2424-8e9d-4172-b1ac-6c6fb75de805,inv_1052,1,p_62
166,1500ba7a-3254-4b1b-a12b-8b60c9f79d31,inv_1053,1,p_203
167,494cdeb5-bcaa-4f9c-b6b3-0d48dcad9717,inv_1053,3,p_214
168,47c0e08c-1771-4120-9f8b-0c54cbfb59b0,inv_1053,2,p_213
169,f1d94517-1b0c-4d1c-bade-f61e6853c21b,inv_1054,2,p_87
170,097dbe7d-c71a-47c9-a5b0-b4205feb0993,inv_1054,3,p_48
171,f3804c03-3403-4f37-b297-a08d4198c822,inv_1054,2,p_87
172,822557f4-a848-433f-8066-7bcff7250344,inv_1055,3,p_200
173,7aeb9510-f265-4c36-8a70-a808c0f8a16c,inv_1055,1,p_211
174,37139dc4-3295-4286-86a2-d9754b06d1c0,inv_1056,1,p_213
175,9b29028a-2ebd-4164-9fba-52db08d1bc6b,inv_1056,3,p_55
176,2a638f5e-0a1e-4958-a3a4-4c8ed468215a,inv_1056,4,p_220
177,4cd4a638-5d68-43e4-ab96-899cf1786744,inv_1056,4,p_99
178,2edb4877-ac90-4c19-a84f-a56262ad6b4c,inv_1056,2,p_202
179,d3220f50-bba3-4f1f-9eb2-44e318b420e5,inv_1057,4,p_221
180,a0c5047f-c63e-424f-ba60-9f4db843a842,inv_1057,4,p_110
181,8c9d9187-650f-48b5-90f3-1a97b8c85963,inv_1057,2,p_219
182,9a2011b5-b57e-4dbd-844a-f5826958b49e,inv_1057,2,p_221
183,1e137adf-3e23-4b56-ba59-bc7efa630070,inv_1057,2,p_87
184,eff8da8b-073a-487f-9f40-b82f91e61d43,inv_1058,3,p_218
185,1987f891-ccfd-4e2f-854a-3fb6e87dc19d,inv_1059,1,p_206
186,0560fbd7-692a-4c17-8de6-b3332848bfb7,inv_1059,1,p_203
187,b7aa0a94-30b6-40b9-95c3-1e6f37251500,inv_1060,4,p_57
188,52d2946f-2e9b-4520-8270-1215248cb5ae,inv_1060,3,p_202
189,c20a6c31-2131-4dce-86aa-61a3185ece66,inv_1060,2,p_209
190,f745b670-5b7e-4b29-9b31-962533ae9e32,inv_1060,2,p_38
191,4f42dd69-da15-4625-9d66-36adbfc1b04f,inv_1060,2,p_29
192,ade18641-69b0-4d6f-b7a1-e9bc6dc3f8bb,inv_1061,4,p_217
193,600e4073-4437-489a-951f-3e119678d0d6,inv_1062,1,p_205
194,c665635a-923a-4a06-b2e5-b9568b751688,inv_1062,2,p_62
195,471a252b-67bf-4c7d-b635-02d22735bcf4,inv_1062,3,p_207
196,edfa881c-5ecf-4e02-8205-ae1ddce472a8,inv_1063,3,p_219
197,29afc921-8c07-458c-a241-173e7f07d8d4,inv_1063,4,p_215
198,742b3d2b-4cc5-4c5f-bc8f-77c6deea2378,inv_1063,2,p_220
199,d3629bcb-fda8-47e1-8a5a-1dc05a556379,inv_1064,2,p_207
200,8434172f-f8dc-4157-bb54-c7f9a1b4832c,inv_1065,3,p_217
201,7993b4b6-1c7b-46fc-bf9e-5ba871b30682,inv_1065,1,p_203
202,afc0c516-746b-4e94-9e42-24bfd3da624c,inv_1065,4,p_18
203,ba922962-2160-47cd-91ef-2e2de4222655,inv_1065,1,p_30
204,586d96e0-b083-4225-8ae6-8151c32d3c52,inv_1066,3,p_205
205,6d2343b7-cbf6-4d46-b41b-162b012ae4a1,inv_1066,2,p_55
206,c35bca54-e988-49a2-9f03-06856180fa4b,inv_1066,3,p_208
207,56b359a0-ab38-4bdb-9914-83bc169b4a74,inv_1067,3,p_214
208,36dd3e2b-2b26-49cf-bf1a-00ceab6b3ce2,inv_1067,4,p_42
209,88e36781-3aef-4209-adb3-0546b7103269,inv_1067,4,p_87
210,43859f24-5b05-426c-8c6a-f58df213a78d,inv_1067,2,p_203
211,91731ede-f24b-464d-a30c-7cc692d90c3c,inv_1067,2,p_218
212,b5ab9672-8cb8-4272-bc12-d076a27ec126,inv_1068,4,p_80
213,eecdd703-ba1c-4095-a267-ed39d9d5dc52,inv_1068,2,p_42
214,1f644e89-bf3d-49a6-b693-3af1670fd7cc,inv_1069,4,p_221
215,92e3ddde-5c1c-4e32-94f1-5f992f708810,inv_1069,2,p_206
216,82c62af7-4b76-457a-96a1-522922a8a0e7,inv_1070,4,p_121
217,8d0ae35c-9676-408c-8550-13b63e46958a,inv_1070,3,p_38
218,cd63b783-b561-4288-8c20-fe278017684d,inv_1070,4,p_42
219,c61d5e73-08b8-4a20-9467-de647a6dc729,inv_1071,4,p_208
220,a826e720-abf3-469a-8f71-c6e3cfd83a56,inv_1071,4,p_14
221,50934490-c834-4470-999d-5e8e11d18209,inv_1072,4,p_62
222,d28496de-9b86-4926-a094-10fdd297b7fb,inv_1072,1,p_223
223,71a03439-78d3-4afb-81c5-0b79f95e38f8,inv_1072,1,p_215
224,3e1509b2-3e78-490e-96d7-499f03d14169,inv_1072,3,p_8
225,57048c0f-9398-4f72-96ff-d5e7276951c6,inv_1073,2,p_224
226,a7225211-819b-4a91-b58b-81cfd6bd3463,inv_1074,1,p_220
227,3ad18edd-ee7f-4143-8950-da5d210e31da,inv_1074,3,p_224
228,f8efd183-a710-43cc-8713-8c6e9333df84,inv_1074,1,p_213
229,d4cb82a6-0253-4690-9ed6-820ea040d9a9,inv_1074,4,p_52
230,6e93f8ac-bd54-439a-9e1f-43e31685c2f3,inv_1074,3,p_83
231,2849de48-7459-4b3d-a484-14387bd848fc,inv_1075,3,p_204
232,a27014c7-40e8-4861-88da-01061e148ccc,inv_1075,1,p_217
233,80e830bf-1239-4d20-9cd2-c71419113dc5,inv_1075,4,p_224
234,d5b06f03-4aa8-412f-9ed4-723986fa7961,inv_1075,3,p_203
235,5fa8c887-a314-4820-a07c-e2bba175a7e5,inv_1076,3,p_202
236,38b49a57-d582-45bd-8f17-868f1fe509b2,inv_1076,3,p_28
237,e35ba487-8c07-43a8-adcb-af5b3a6ef545,inv_1076,3,p_52
238,41311622-40b8-4066-9663-21a7ccdac129,inv_1076,1,p_18
239,cd645b08-c71e-4445-bdfc-1cadfcc34b62,inv_1076,1,p_87
240,1181c6c4-cc7a-44d6-b3a5-fc22b383623a,inv_1077,2,p_80
241,fce5ae39-9908-4b27-85e3-39950600bbb6,inv_1077,3,p_208
242,c0adaafc-0ab7-43e4-9dfb-339bb187d16d,inv_1077,4,p_221
243,3913a160-c672-468c-a0f0-64c800bb5e76,inv_1078,1,p_8
244,09797360-2d24-44f2-ad6a-edea2d68747f,inv_1079,4,p_87
245,886432fe-eec2-4539-8c3c-b92080d799a9,inv_1080,2,p_38
246,436c45f9-0802-4e46-83eb-c86113911650,inv_1081,4,p_211
247,56825f92-96c8-4633-be83-84d032f6c486,inv_1081,1,p_223
248,f1cc8758-fcd5-4a70-9ffd-bdc9efbf9140,inv_1081,2,p_202
249,77d821c3-3f26-4aae-86e2-d813918ccf1b,inv_1081,3,p_213
250,29b72764-706a-40d5-a1a0-a1f20dffc158,inv_1081,4,p_87
251,4f90953e-96ec-4bb4-90a7-a68148fa501a,inv_1082,1,p_29
252,ff760fad-ed5a-4e0d-880c-03d3f3dbe48c,inv_1082,1,p_207
253,8aa2abf1-9569-454a-98b5-4f1c8302c2da,inv_1083,4,p_201
254,09af81e4-5925-48e8-8219-188244daf7ae,inv_1083,2,p_208
255,94858284-8bfd-40c7-8257-267a11175329,inv_1083,4,p_121
256,e410bfd5-9ddf-4d62-9729-1ee8dd501659,inv_1084,2,p_223
257,25b2d683-c7a4-4293-96fb-6bd2757f87b8,inv_1084,4,p_204
258,4c80a74f-a222-4720-baf0-4922c56b8520,inv_1085,1,p_214
259,09315616-457a-4d06-8719-6e0c84fde51f,inv_1085,4,p_99
260,8afc191d-7d30-491f-b82e-f365d95d5278,inv_1085,1,p_29
261,c70b9fd5-e1c1-4cf6-91bc-87fff1ede005,inv_1085,1,p_207
262,98ea60a0-8721-411a-bd4c-c058f4020329,inv_1086,4,p_219
263,3c7c2bde-e64d-4a4a-b5a9-0e3499b3ee3d,inv_1087,1,p_80
264,7a9c9a5c-99a6-4b6d-9155-047df5ef837c,inv_1087,2,p_204
265,0d6f2c64-a003-4c3b-a36b-060bc615d230,inv_1088,4,p_52
266,c2d01c3f-d9c5-4b54-8824-e0cc049fd786,inv_1088,2,p_87
267,d0e24846-1ad1-4776-9846-d161fd9b0a19,inv_1088,1,p_204
268,7c81114e-8b8e-40f2-aec6-e5fc36d22ed6,inv_1088,1,p_79
269,7ce9b77d-8e83-496c-87a1-7549088bc4a9,inv_1089,1,p_205
270,74bf7db2-2b1a-4c20-b9b6-023f94dc1db6,inv_1089,4,p_224
271,cbccf8b7-3c3b-4ef4-b3ab-735c9355280d,inv_1090,1,p_48
272,9c128875-6c92-4a36-a8c1-d9d7992b25d6,inv_1090,3,p_215
273,3fc649fb-f3a6-420b-ae10-ef8eb4b34d47,inv_1091,4,p_79
274,dba4112c-75fc-4e8f-a08b-7f1a22b8cb20,inv_1092,4,p_205
275,2691f0f9-8640-49f8-9db8-68ee1c9a0699,inv_1092,2,p_87
276,4e44ac0e-28c6-4f07-bb50-df71cf05e1d3,inv_1092,3,p_218
277,aac28f7b-f92a-4ff4-91fc-91817ddbef77,inv_1092,3,p_55
278,a11e10f5-41a0-4c1b-9ea3-a29db66ce381,inv_1092,2,p_80
279,470d840f-f7b1-4103-b055-40cf795cc09c,inv_1093,1,p_202
280,1e493430-f519-40d5-876f-f51e1578dabe,inv_1093,2,p_220
281,4fda0a68-53c9-4ed0-bc86-1e80289f9793,inv_1094,3,p_80
282,20f24958-04f7-45e4-bbae-b312ee986d08,inv_1095,3,p_105
283,e11271ce-ea7b-423a-9b2b-7880001b0f97,inv_1095,3,p_213
284,8ae68c1a-4e41-4f09-9ff4-7da1acee2b28,inv_1095,3,p_212
285,96dac84c-fb7a-4b8b-870d-98fc78c88760,inv_1095,3,p_83
286,1c16232e-5099-4313-9f84-9a724b3b3adf,inv_1095,3,p_100
287,52042ec9-f41c-40b8-96b2-9c701a2af6f3,inv_1096,1,p_219
288,2f9b0987-a4a9-4627-8684-a9817a25bfa2,inv_1096,3,p_213
289,da4de0c6-f4b7-4beb-a852-0a50865166bb,inv_1097,3,p_220
290,9e560d5a-f1af-4ff7-bab3-433920bade81,inv_1098,2,p_80
291,04dc9c58-c286-477c-8d7e-10b28f950849,inv_1098,3,p_202
292,a8ab6743-804d-4d8e-a10e-982d2cd36244,inv_1098,2,p_57
293,a7613415-ae3b-4d35-b321-14ac3e589e1c,inv_1098,4,p_222
294,1ba886e6-84d2-4809-8872-b3a548e4e6d9,inv_1098,3,p_110
295,d34c7eba-35a3-43b5-927d-ac3a60a34b7b,inv_1099,4,p_208
296,9ff7a13a-2449-4045-8e52-7a4cab54c664,inv_1099,1,p_213
297,9d991cbc-0c35-4a1b-b386-3bb40bffe6c3,inv_1099,3,p_31
298,13a35f89-6802-4f38-8a17-39f2d39d73a6,inv_1100,3,p_30
299,28241b2a-6bef-45c7-9ca8-57922aa358d4,inv_1100,4,p_79
300,76e53f4e-193b-40a3-9f5e-e15e644f6962,inv_1100,4,p_62
301,a06262a0-86b5-47ad-91e9-6cfe730fbcaf,inv_1100,4,p_42
302,b901196a-4dd6-4353-83bc-1a9569c8f412,inv_1100,3,p_100
303,3e2e2183-aa82-4dc1-8ed3-6354271fb670,inv_1101,4,p_57
304,ed6c670c-a9a1-430c-af3f-1ce20174826c,inv_1101,3,p_207
305,83d1cbe8-36af-4473-adaa-8f29d61ff181,inv_1102,1,p_28
306,017e8206-0ee4-4814-ad36-b4b21f82c5e1,inv_1102,1,p_30
307,35d67a8c-71e8-46dd-9d55-698cf189dd79,inv_1103,3,p_57
308,611c7ab5-9499-40b6-94c4-53766ea98f7d,inv_1103,2,p_211
309,e8b9f134-9ac5-4dff-9cfe-7c8180cfce03,inv_1103,4,p_208
310,4345694a-2880-4576-bde1-0789576d0e12,inv_1103,2,p_212
311,35740da6-3724-4ff4-b98c-13342f206b78,inv_1104,1,p_19
312,694b1175-1029-4b7f-b597-f650300322d6,inv_1105,2,p_223
313,61a213f1-b276-46e1-b048-1534f5e609ce,inv_1105,2,p_217
314,dab0bad1-46ea-429e-95c0-c71ede40ffd8,inv_1105,3,p_38
315,975925c7-6f32-41a2-ac00-b175b45e2161,inv_1105,2,p_224
316,e91eb26f-c266-4b07-bf4f-23c275c56f24,inv_1106,2,p_224
317,dd3e2dae-afc8-484d-910f-43c6ef3244ae,inv_1106,2,p_38
318,9e75be95-af0d-4f0e-960a-cbc9b72f4267,inv_1106,4,p_8
319,f6920cf3-9c97-4597-8eac-a89849dd26db,inv_1106,3,p_18
320,929db68a-0245-43dc-8d62-0b1b309bd3d3,inv_1106,2,p_62
321,e5bc855c-1e51-49fa-9c70-c95afd37aef3,inv_1107,3,p_219
322,52a91b6f-a7c5-4217-9fc4-28a85cd1f8c0,inv_1107,3,p_83
323,6065a7b3-958d-4266-b092-f87fbf29738a,inv_1107,3,p_99
324,6fdba356-2ce6-47c5-a8ba-cf3f79c91886,inv_1108,1,p_211
325,a0a3fa4f-a6f8-4220-ab35-a9948ba593cf,inv_1108,2,p_200
326,19fd64b1-1583-40c8-810c-62e899248c44,inv_1108,2,p_8
327,88467d2f-f43d-4a63-91f8-ad72dc8fe38a,inv_1108,2,p_209
328,288bc540-ad75-406c-bf79-091a4c566a3c,inv_1109,1,p_55
329,08aacaea-e88f-4596-998f-07dae2fdf437,inv_1110,4,p_220
330,60746b8e-58ed-48f9-9a1f-060f75f3ad1a,inv_1110,3,p_201
331,d039f7d3-9e41-4d35-b862-ca055b38d449,inv_1110,4,p_28
332,bbf0abce-9188-48fe-bbc1-7edbec26714d,inv_1111,1,p_19
333,ba3ce209-4107-49fd-b6f9-6ece43a62e21,inv_1111,3,p_216
334,efdb1646-eb80-4f8d-a89b-96021f3b0c35,inv_1111,4,p_80
335,63d808b0-d5f0-478e-8dd7-0ed0847735e1,inv_1111,4,p_220
336,a35c6f6f-d9d2-4e0b-9bcc-8e3ded8e5fbe,inv_1111,3,p_205
337,18fdb3e6-0982-4814-8deb-dcbffa0af21b,inv_1112,4,p_213
338,d726c501-e8c8-440c-a6df-45bafe597f2f,inv_1112,2,p_207
339,bd43b239-443e-4c39-91ad-f85393a3d4d6,inv_1113,1,p_217
340,413331fd-412e-4205-8444-339525cfaa9d,inv_1113,4,p_206
341,3aafc3b6-6999-4eff-809b-59a3919d948b,inv_1113,1,p_55
342,13d82236-393b-4b48-946e-fbae8938eb9c,inv_1113,4,p_219
343,6a358f21-cf1e-4b6a-a2f6-5ce04e82bb89,inv_1114,3,p_105
344,c29c5061-357d-404a-ac00-a5395d4f584f,inv_1114,1,p_79
345,8d46c040-0938-44bf-b7e5-bde1ae29b4d4,inv_1115,3,p_213
346,21854f2d-d7b4-4599-b9ae-cdc06da1bc39,inv_1115,1,p_223
347,b41c5367-fef4-4dc8-aa0d-090e09223b43,inv_1115,2,p_87
348,6d13f8ea-d195-4f96-b402-75cafd1474b9,inv_1115,2,p_38
349,0d951895-fc0d-4249-8714-bea77f62cd2c,inv_1116,4,p_207
350,c8c8e361-9ca5-4f5b-ba31-a0dcefb79149,inv_1116,3,p_110
351,580e2681-d29b-4b7a-b12c-23793ab7e31c,inv_1117,2,p_224
352,3db30f4d-c34a-4701-9e3b-4b7f827bfc51,inv_1117,2,p_31
353,82e7f949-f071-4096-af2b-dd8acd28ba56,inv_1117,3,p_213
354,e476dcb7-a886-4946-a891-cc061a757316,inv_1118,2,p_80
355,57797253-3897-4bb5-80d6-9beda24d6c57,inv_1119,2,p_215
356,0f190fd4-9af0-45a2-a470-ba3184bb7ec9,inv_1119,3,p_52
357,382a069d-e04e-41ee-b734-0565daa4ccbc,inv_1119,3,p_218
358,9f1c95bd-8abe-4057-b1fd-539381b102c9,inv_1119,2,p_62
359,c97640ac-7d6a-46f7-a45a-55ecac76e001,inv_1119,2,p_57
360,92660343-0beb-4109-80bd-9a244d03e45d,inv_1120,4,p_62
361,08605252-e23f-4fc1-bf2e-abccd1b2accc,inv_1120,4,p_42
362,1834c07c-1ec9-4b80-96a0-056c1906fa54,inv_1120,3,p_219
363,e3c6a16f-41ef-4dcb-8ae8-956a69ce4464,inv_1120,4,p_208
364,1996dca1-a6d7-443e-b70f-f72b69ed5048,inv_1121,1,p_209
365,ef6d0e21-ff00-4946-89e4-7f752a2b8819,inv_1121,1,p_42
366,3ff8e17b-3e6d-40bc-bcc2-edb482a18899,inv_1121,2,p_215
367,26290374-e80a-4aa5-beff-10605fbc18ed,inv_1121,1,p_18
368,b8dd2a14-2cac-4c92-8329-75ea0aab0023,inv_1121,3,p_38
369,d00197e1-5d83-435f-a962-6688c3248d51,inv_1122,1,p_31
370,94a924f0-1fc9-4a5a-9f36-6fbe25ee5d53,inv_1122,1,p_57
371,853b2092-9c49-414d-b096-678f28afb707,inv_1123,2,p_55
372,3902043e-c483-4e61-a94f-44d41e2cd683,inv_1123,1,p_219
373,4f4e8917-a2ab-47b2-8c4f-2de070049cca,inv_1123,2,p_42
374,8d6d87eb-62c3-4303-887d-a3d224ae042b,inv_1124,2,p_205
375,1f8b5665-8c1a-464c-9708-6decded19679,inv_1125,1,p_224
376,0532fb27-8a32-40ef-8a54-fa4a87e24cf8,inv_1125,4,p_83
377,2737daa3-5a69-4471-8319-2edab1324167,inv_1125,3,p_204
378,23bf8788-9c0e-4530-9271-25c6e0ac27df,inv_1126,1,p_121
379,5763bf48-aa9e-45f9-ba6c-6a402c875c50,inv_1126,3,p_208
380,94c171e8-3d4c-449a-ab51-ceee46031642,inv_1127,2,p_219
381,80442ee7-6233-4630-85f4-753954a700de,inv_1127,4,p_80
382,3b52a512-5742-4bb2-b7fd-ebc2f378635a,inv_1127,1,p_62
383,c5ed46e0-1dd0-41b2-810c-ab65d27c41a3,inv_1127,4,p_204
384,f2e5c7e8-96d6-4150-81b3-beb108ce9494,inv_1127,3,p_205
385,b4780e6e-e6a9-424f-b5b0-2c6ff6de3510,inv_1128,3,p_52
386,668d120b-90d7-48cf-a956-d9c21501ae0b,inv_1128,3,p_52
387,c2ec26ad-bc54-46eb-97a8-6b3efec75372,inv_1129,1,p_42
388,2364a63a-4229-4791-846d-cf048c6dbb7a,inv_1129,2,p_62
389,c704e2b0-77e2-46c6-9cfe-e30e5b32586c,inv_1130,3,p_222
390,084c1f29-c32c-4b50-936b-46a463b5fdfb,inv_1130,2,p_202
391,d8b9a1c8-8c0b-43da-ac3c-6cb255af3694,inv_1130,2,p_42
392,f6cd7d59-a455-4d3c-b2af-906467e30aae,inv_1130,3,p_219
393,f41a9cb1-1136-429d-9eb8-ca0b086a7462,inv_1130,3,p_211
394,341deeb1-c71a-4f6c-b19d-30170848aae5,inv_1131,2,p_209
395,a05ffb54-3a70-4d4e-88fe-f9c10e877177,inv_1131,1,p_224
396,40d7ca3a-c578-4242-b82d-485750ac230d,inv_1131,3,p_208
397,ea90820a-5a9d-4f81-a2f2-ea1147a3f5af,inv_1131,1,p_31
398,f3ecfc33-78a2-487d-966e-b72d1014ea7e,inv_1132,1,p_105
399,4933f8ab-1c33-4bc1-b6d8-e78865b1eab1,inv_1132,4,p_28
400,50603d5c-aa2c-467e-9148-aefc12635e28,inv_1132,3,p_219
401,eeac37cb-32ba-4f15-b02e-ea39542c4a4a,inv_1132,3,p_105
402,1d27df33-7b06-47c8-b771-9706001d4edc,inv_1132,1,p_203
403,720200c7-18c1-4c7b-95fd-441e83fc0908,inv_1133,4,p_217
404,353c5b17-9186-4e96-a0a6-956836b9ede5,inv_1133,3,p_62
405,9c793d2b-0587-4821-9864-a5f8b29191b9,inv_1133,2,p_31
406,d893e56c-dcac-4887-b545-56922fb7f73d,inv_1134,1,p_211
407,6712dbba-edd0-4cfd-aae0-d9d1801b8a76,inv_1134,3,p_57
408,d9532d7c-62dd-4635-94bb-21ff21baedb3,inv_1134,1,p_223
409,52b78ae5-0aab-44d3-8717-3a907f3a4cc9,inv_1134,1,p_206
410,f2066254-3cbf-4cc4-bb1e-ed3c1fe2a8cb,inv_1135,4,p_42
411,da7ec9a0-d836-4909-864a-5193f896036d,inv_1135,4,p_57
412,a844e4f7-e061-4793-a022-3caf8ba8a8b5,inv_1135,1,p_211
413,9ea19ee0-8cb2-4c7b-95f9-04cb858e252e,inv_1135,4,p_210
414,0bcd2279-fe3a-4120-9f40-578279518aa4,inv_1135,3,p_80
415,9f5cace8-4283-4a78-a46c-d02ef754389c,inv_1136,4,p_14
416,292e410e-0a51-4e17-bc27-d66883153aba,inv_1136,1,p_14
417,8ae25c28-042e-43de-b49d-c30b65f6f63e,inv_1136,3,p_83
418,de166923-dc34-4d33-912f-f9a5ed868eb7,inv_1136,4,p_205
419,29d2c44e-8a7f-498b-a8a2-77f75a555dae,inv_1137,4,p_100
420,f691aadc-7091-44cc-b251-f6f13e191bcc,inv_1137,3,p_218
421,d3a4df99-37ef-45fb-ad73-2019bdad91c1,inv_1138,4,p_83
422,35eaeebc-1b2d-4d77-869b-26fc0b632f08,inv_1138,3,p_215
423,84a91173-a1ef-478a-8f50-f0e44653b4f8,inv_1139,1,p_38
424,90ff9f05-7fdc-4613-82c0-2924d4bf8641,inv_1139,3,p_79
425,597b202d-4e7f-4f29-b560-af0e4acf4a0e,inv_1139,4,p_31
426,7bbf4b04-c118-43ab-8bda-a4999f4e98ea,inv_1140,3,p_55
427,7b83ca9c-ab2a-4963-a7e7-8ed412c1958a,inv_1140,2,p_222
428,4494c474-5914-43dc-8980-9933b76f786f,inv_1141,2,p_8
429,5f6d4a8e-4a0d-4e6f-8eb9-7a45b055ef4e,inv_1142,3,p_214
430,60d0268c-7602-4a98-90c2-3bf12cdf2e55,inv_1142,1,p_14
431,f9a79335-e2b6-4a73-8735-9122473f985d,inv_1142,2,p_28
432,ad446501-a771-461d-9ca5-817e2e72d8e5,inv_1142,4,p_205
433,8118bb04-350b-49b7-bcaa-02a7c9b39d86,inv_1142,4,p_79
434,9115be4b-6828-4db7-a889-324d81663b2a,inv_1143,3,p_214
435,318b5348-bc69-40c4-ac4e-14be94d7b7c2,inv_1143,1,p_55
436,2a6da982-9cc2-4023-b596-3d34c04b99b9,inv_1144,1,p_8
437,7a33fe1e-0218-498c-b522-96e2be10512f,inv_1144,1,p_223
438,2b90198a-3f37-4268-b98c-b2834e996735,inv_1145,4,p_224
439,332b4054-bd64-4a95-9935-d147ac103059,inv_1145,2,p_55
440,56cef84a-ddfc-40e0-931f-22f2b055fd99,inv_1145,3,p_204
441,3ccff83c-887a-4cc4-bec3-e8a4c77c9947,inv_1145,2,p_62
442,57703f88-9029-4e58-a410-be0ee9a0c51b,inv_1145,1,p_209
443,2b487f51-6e4b-408a-ac7d-af5cfc9ee0db,inv_1146,4,p_52
444,270c623f-2cce-4ab6-b283-6bed72f79ae3,inv_1146,1,p_211
445,99fdc034-c1ad-415a-b28c-75c2dcc37e28,inv_1146,3,p_29
446,40b7e1a3-12b2-4d87-9f3f-bee716128048,inv_1147,3,p_79
447,735c099e-c33a-4ca3-9371-ad9c03b1b1ec,inv_1147,2,p_222
448,7473dc9d-1293-4736-828c-56c4dafd7620,inv_1147,1,p_207
449,b6a199fb-3ae9-48db-bbf3-b6aede709281,inv_1148,2,p_215
450,94f312fc-2372-408f-b6a1-08cd3f9079b8,inv_1148,4,p_52
451,55dfff0b-e489-43a7-ba78-c14a26dfee30,inv_1148,3,p_30
452,734082bd-2855-40ad-8456-55e4a68833a1,inv_1148,2,p_83
453,5184953b-26e9-4f69-a6f1-318c09302814,inv_1148,3,p_48
454,880aba69-7833-4dd2-85ff-102dffb0c8a8,inv_1149,3,p_224
455,0e340b02-b88b-4d57-a549-d84105fa729e,inv_1149,3,p_29
456,e64f6661-6615-46ed-ba27-8bd9d00d8390,inv_1149,2,p_48
457,2fda05a2-1d33-4001-9803-5638c02a3323,inv_1149,3,p_223
458,6ae6b491-3b30-4127-8059-e3b6769c587f,inv_1150,4,p_215
459,c54060fc-8881-487f-ad46-e6b0b6ae0021,inv_1150,4,p_221
460,79d7443b-65c0-4005-8e65-b76a48cb6114,inv_1150,3,p_33
461,470575a0-fe87-42ed-9d72-2f81c4095076,inv_1150,3,p_19
462,b4762c7d-c672-49b3-b02e-44d8ec704933,inv_1151,3,p_33
463,214820df-067d-4532-96cd-ec357f5ffd55,inv_1151,3,p_211
464,2ce2644f-1855-412b-bd26-e4ef73d63b73,inv_1151,3,p_52
465,298b8f61-fa87-4381-86c3-ccb55c3d94e3,inv_1151,4,p_33
466,85b90bc1-aab5-4ad6-8238-e8b685f61f8e,inv_1151,1,p_31
467,abbce455-024e-41a4-8bb1-98a12d11661c,inv_1152,3,p_42
468,ba675ba1-5ee4-4598-b0c7-bceb46f9a3be,inv_1152,4,p_204
469,575fa076-04d9-447c-a404-1ce356fe4435,inv_1153,2,p_62
470,8490c36e-7ff2-4fb1-b5bd-1eeed5477d03,inv_1154,4,p_99
471,5c123f3c-7f1b-4d51-aee1-5f25be5e173d,inv_1155,3,p_19
472,848ffe8a-2a38-4a6f-931b-89b7d97e2fc4,inv_1156,2,p_215
473,a51e3a23-9c6c-419f-be05-91ff83ae0dc8,inv_1156,3,p_218
474,412e2070-9751-4cc6-aaa8-514a6e984186,inv_1156,3,p_19
475,5064ada6-01cc-4d44-b01d-12b08aca8542,inv_1156,2,p_202
476,758faf3a-48df-46bd-bff8-102176f98509,inv_1157,2,p_79
477,b0503096-3c6e-4810-9545-f95220384f57,inv_1157,1,p_55
478,4505227b-ec0f-49ef-8f52-1ce0dbd43437,inv_1157,2,p_202
479,afba3e59-5d4f-4ab2-b17b-ec35c705cf1c,inv_1157,1,p_110
480,16967be4-b7b9-4733-94ca-0932a0ab5a15,inv_1157,4,p_28
481,4118143c-1785-45bb-a446-baa171e89bb0,inv_1158,1,p_31
482,bfa8ad20-1b63-44e3-8997-c17d7007af4a,inv_1159,2,p_121
483,d8e1fac9-ea46-417f-aac4-448c4618824d,inv_1159,1,p_201
484,a3b0193b-1cc2-4c93-b34c-6125ad2dad1c,inv_1160,1,p_202
485,05e3629b-2086-4c48-a2f2-0ed2f067d6f1,inv_1160,3,p_52
486,345d9326-4679-4785-90cf-ff2c93ca85f0,inv_1160,2,p_219
487,05b09771-bb2a-4b38-8c67-302388cac69a,inv_1161,2,p_105
488,c7657b78-5eff-4803-8c03-332e1dadcd61,inv_1161,3,p_200
489,ce5692c6-f78c-4956-8ab7-4295093cf7a9,inv_1162,3,p_87
490,99b90cb4-cd48-4382-9543-a4a4c5f11f47,inv_1162,3,p_213
491,614b8989-e448-417a-934a-f28e4bfda584,inv_1162,3,p_206
492,00ee352e-b707-4085-a786-f755d41ca3e6,inv_1163,1,p_79
493,c882d020-ab94-4405-a6d1-0f6ba1403947,inv_1164,4,p_110
494,43f932cb-e00c-4038-957a-136e9b5b9b25,inv_1164,1,p_19
495,fc0a741b-513c-4899-bca5-e70007e64590,inv_1165,1,p_220
496,30eed652-9b0a-4efe-9ea5-c262a56096f9,inv_1165,3,p_28
497,ed67401f-2ba1-4113-a200-4fcdebae71ce,inv_1165,1,p_83
498,c5e82cb1-ccdc-4b48-bd22-1d3e9810ff9b,inv_1166,4,p_42
499,504c40ce-7e8a-4efc-ac74-36c578623a71,inv_1166,1,p_201
500,ae313142-8042-43a9-96fa-c11962b5be35,inv_1166,2,p_62
501,6f2ea400-9c97-464f-b612-04476080192f,inv_1166,1,p_212
502,c398c92e-3478-4002-a2e3-3b20d8693ce1,inv_1166,1,p_208
503,0e11b989-a6ec-442e-ad16-5fb7e51d4194,inv_1167,2,p_212
504,795c497a-eb76-4b70-b412-1ffeb79d2004,inv_1167,2,p_121
505,bd782ed2-9af1-4e72-8c0f-19a455c0a5c5,inv_1167,1,p_33
506,d44896c3-cf62-4463-96f1-bbe3c36ff05d,inv_1168,4,p_42
507,9b5d51e8-822a-4bfb-82d1-f5be3449ebbc,inv_1168,4,p_207
508,b7418fbd-92e5-4f54-82aa-6e8e3ca510c6,inv_1169,4,p_200
509,22a46103-e88c-4937-b743-a8e79dfa80e4,inv_1169,4,p_203
510,3271a89f-14f2-400a-b255-b2c3ff69bd41,inv_1169,3,p_219
511,99a36348-47d4-4193-8118-531c914e240b,inv_1169,1,p_87
512,27bfab73-7186-4998-9fbe-a9dddee133fa,inv_1170,2,p_220
513,17e1b64c-7987-4853-a6e0-9f32bb6da187,inv_1170,1,p_29
514,d4066e92-2c19-4915-99e3-980faf2a0f2a,inv_1170,1,p_200
515,18efa625-1b5c-476d-982e-2b68b4e23035,inv_1170,3,p_8
516,e9b9abef-4258-4d72-a6a1-3fdec48ed710,inv_1171,3,p_19
517,cc9d0a50-b151-4c76-899f-d2d2c820d1d1,inv_1171,2,p_14
518,f705852f-f6e6-4cc2-97d0-a79582d60b88,inv_1171,1,p_48
519,48d0841d-463e-4db8-8b79-ad4d8d97a871,inv_1171,1,p_42
520,7061b7a6-3296-4a15-9397-d85b144194c2,inv_1172,2,p_87
521,22899bdd-c915-4ba3-94f9-a5bd1f6dea72,inv_1173,3,p_205
522,0d80ecee-b755-40a5-b086-f02225f13334,inv_1173,3,p_201
523,f9e363fa-e02e-45a6-b55c-0c2e830a4552,inv_1174,4,p_110
524,95d4ce6d-5c3f-4cf2-b3ec-b955a09b9eb5,inv_1174,4,p_216
525,0feed4a1-09e6-4941-863c-313a790ec573,inv_1174,3,p_201
526,d5b1d07f-6caa-4950-ba1f-ea6ae9f3bb27,inv_1175,2,p_19
527,c533f468-d771-43b2-8c23-4252acfd0651,inv_1175,1,p_42
528,1ce12a2b-45f7-4a33-b3a5-1c2c716fd38f,inv_1176,2,p_221
529,e72602cf-1043-43ec-b994-f63a9178c0c9,inv_1176,1,p_87
530,118bdadf-86a7-4386-8770-9c57d6a1ec18,inv_1176,3,p_209
531,067f72f8-79fe-4b27-b553-5e809a529cb7,inv_1177,1,p_224
532,23d3865d-b168-4321-a243-625f28d95dec,inv_1177,4,p_211
533,82d95fd1-a697-4109-98cb-8b64f409a68a,inv_1178,2,p_121
534,b53e0437-a128-4e50-96a0-4146aca83319,inv_1179,4,p_80
535,2f181134-9c50-4e2c-b77a-e2cf1bb395dc,inv_1179,1,p_205
536,c4e783c6-cbdc-456a-bb17-9ac17cbd6464,inv_1180,4,p_33
537,0fac6869-1055-4fc3-a67f-91938002a5c0,inv_1181,4,p_205
538,9502626c-afa1-4ae2-abc2-bd9c55a12694,inv_1181,2,p_200
539,c2c20854-0a26-4b5e-b1e1-be427f557a3b,inv_1181,4,p_209
540,68961ac5-5500-4411-9f31-994498707f42,inv_1181,3,p_209
541,fa3d554b-06f1-4ed7-9096-f26b4028541b,inv_1181,3,p_223
542,a37a911e-1a29-4d8f-8aa8-87c0c526146c,inv_1182,3,p_206
543,df21250e-5fca-49f4-a644-7204d3801ae7,inv_1182,1,p_80
544,b4e8f039-b032-4c6a-87ad-e8ae4d4a56c7,inv_1182,1,p_87
545,0eb278a7-c778-4222-a1b7-24a6c94b60f1,inv_1182,3,p_33
546,477ad420-e5b3-4b49-bd8e-41980d446429,inv_1183,2,p_218
547,01ec8928-d14d-459a-998e-f067e3872814,inv_1184,3,p_205
548,c3305eeb-1f64-4c24-bf70-c1e2cdc7af02,inv_1184,1,p_14
549,a585e63d-4732-461d-b824-25fcf097c924,inv_1184,4,p_213
550,1000e447-5693-470d-b979-9023810da8a0,inv_1184,1,p_223
551,518e62cc-203f-4af7-8577-8ed7f956f04f,inv_1185,2,p_222
552,e29f8da6-7d74-488a-a36f-bc33bdf2565a,inv_1185,1,p_210
553,ee638fd9-33ef-4abe-b764-a20a2a2ebdd1,inv_1186,3,p_110
554,a9544585-1577-4583-a0de-df2b1fac227c,inv_1186,4,p_19
555,a66e2c8d-9e5a-4288-8076-9c919733d73f,inv_1186,3,p_31
556,a7b7f2aa-7fc5-4f1a-87e4-651a560916eb,inv_1187,3,p_202
557,83a0b3f1-9d0b-4cfe-8b62-e7ea08b4ddce,inv_1187,4,p_202
558,dd13c20b-6460-4826-a223-11bcc29d0f1f,inv_1187,4,p_55
559,b3509ecb-2c97-4aa4-81ca-b769f3436688,inv_1187,4,p_100
560,851b3e57-072c-4491-b7fa-9a2572629cc2,inv_1188,4,p_213
561,3f502fbe-32da-4ae7-93b0-85404d510c9c,inv_1188,3,p_57
562,d9f8a234-c1fb-4d7a-a9e7-a7a8831fb973,inv_1188,3,p_57
563,cd2ec7c8-b88f-4b46-8330-06cc33392c95,inv_1188,2,p_201
564,397372bc-e557-4969-8cd1-3e4d0925ab1c,inv_1189,1,p_42
565,c22f19e8-bd4b-4f14-a02a-80b566fde770,inv_1189,1,p_52
566,7d4efc96-c4fc-45ba-8cdb-8259c8b1f3d2,inv_1189,2,p_206
567,c70cdfa3-573e-4e4d-958b-46a0398ee7c4,inv_1189,1,p_223
568,4f2dce7d-f919-4d79-916d-8fea7381dd0a,inv_1189,2,p_33
569,8aa7675c-c440-41ef-8415-723526af21e0,inv_1190,1,p_48
570,b434b5ef-568b-4008-be6c-cc43e4515276,inv_1190,1,p_121
571,c28734a6-0f27-4c09-b7bc-5e455274d947,inv_1190,4,p_99
572,4e2ce649-d4a5-4014-8c4d-62070837dfb1,inv_1190,3,p_8
573,a43b4249-0a94-49f6-b739-249e036bbcc1,inv_1191,2,p_220
574,b3000947-5fff-48a6-a9ca-28d229eac923,inv_1191,1,p_42
575,2dd686cb-68ce-4e29-aba3-35b48465a28c,inv_1192,2,p_202
576,6125e9e2-caab-475e-9495-ab4272896573,inv_1193,4,p_80
577,707bb018-1b23-4595-99d2-c50f01a9606b,inv_1193,3,p_19
578,3522f1e4-dfc0-4104-a043-c7ac2ad97ba0,inv_1194,3,p_221
579,1a4eb9a0-4938-44b4-914a-69af6dfd5cd5,inv_1194,4,p_42
580,ce614a86-6a8e-49cb-903d-f864463fdf7b,inv_1194,4,p_203
581,377478d4-167e-4b2a-9351-ea5e12f0d1cf,inv_1195,4,p_52
582,1e8cdc50-199a-44b5-9fdd-2e027ddb0d54,inv_1196,4,p_216
583,06847ec5-95b3-4da8-809e-2a43d8161f94,inv_1197,1,p_206
584,66fef5d6-1491-4255-9815-5cd27cf53744,inv_1198,2,p_19
585,e35b18c0-5e52-4817-9aae-343b85db672b,inv_1198,4,p_223
586,f85112f0-aed3-4e98-a39a-bcd647314470,inv_1198,1,p_209
587,18e61e1f-5a43-48a9-9271-d10d4471ff19,inv_1198,2,p_8
588,08a948fe-0a1a-4a71-af38-652f9c2b9b0c,inv_1199,4,p_218
589,e8157a8a-259c-476f-9ee8-c4ea1c7b02cf,inv_1199,3,p_219
590,c373e2ae-82f6-4c59-97f5-234b83358f06,inv_1199,4,p_18
591,e2f110a5-43c0-4fb6-8035-afe05c5c83ef,inv_1199,3,p_83
592,30a0ad44-e40a-466a-94b2-d75c8de38c06,inv_1200,2,p_221
593,dbe1c962-65a0-48eb-b4b1-0065a9216d84,inv_1200,4,p_33
594,0815da61-41c9-4ca8-b7d6-3f7d8e145190,inv_1200,3,p_33
595,9523ec23-a72f-4021-92ee-56ff688f3311,inv_1201,4,p_221
596,39f6c7ed-1d2a-426f-99d0-2fa2979d6d95,inv_1201,2,p_206
597,baebf628-0237-474f-a14b-d7b440fb7913,inv_1201,4,p_28
598,a746d250-5034-49fa-8f0b-f3fffe04ec36,inv_1201,4,p_215
599,4ddc682e-c1e3-426f-af8d-285c2d077891,inv_1201,2,p_55
600,13eedad3-b4b4-4c4c-9b2d-fb97c0e2a661,inv_1202,2,p_28
601,a417ab39-3aee-416c-8c8e-dbf543f28520,inv_1202,4,p_105
602,49a73783-4e6b-4b78-8064-cb09a7bcc7b8,inv_1202,4,p_105
603,6451f3db-cb6b-418c-a279-dba2c97d3130,inv_1202,4,p_55
604,a93f0973-d67e-4353-b851-7990cba6e74e,inv_1203,2,p_18
605,1ad1d638-a4f4-48a8-a7a2-165df1f0f672,inv_1203,1,p_204
606,1841f6d0-8a5e-4287-b16b-a639244f174b,inv_1203,4,p_19
607,5d436327-4e32-4101-b4c4-6f0c3dc16a1c,inv_1204,1,p_213
608,b2a9d56c-bd85-454e-919b-df3e78e5ffd1,inv_1204,3,p_223
609,80aca1a5-b05c-442f-b41c-b15236b2ec33,inv_1204,3,p_14
610,0ca46d7d-9a41-4f7e-b9b9-7f2468afbd0a,inv_1204,3,p_30
611,5040716f-7bb2-4dae-aa37-4bd1a745b140,inv_1204,3,p_18
612,71d5bc91-bd41-4725-b52c-7b61bff34d05,inv_1205,2,p_48
613,694a763c-0dfa-419e-9507-f669d1001f87,inv_1206,3,p_18
614,b1d77714-b076-4fb8-9f13-943c782a364a,inv_1207,1,p_207
615,d3cd09a5-7ed1-4062-a3ca-309c496746b5,inv_1207,2,p_209
616,f57c5dbd-724d-4b42-81ad-4d91b45f1b61,inv_1208,1,p_33
617,f4daa934-6999-48ee-9cc8-7812a638e123,inv_1208,2,p_29
618,4c94b0e5-3122-4538-bf29-a30df505f5cc,inv_1209,4,p_105
619,330fb856-637f-4097-ac4d-198382a6cf28,inv_1209,2,p_222
620,387a9796-48c4-43fe-a2e5-16fa702ac7db,inv_1210,3,p_213
621,12ac96ae-4392-457a-b3d2-42eedcd8e83a,inv_1210,4,p_221
622,dcd53a82-e9e6-42d8-895f-532b5c5ec7bf,inv_1210,4,p_121
623,f4af2bcf-8fb2-4137-85aa-93be6ef06f7a,inv_1211,4,p_55
624,99235524-6988-40bc-a553-b747a725c7d1,inv_1211,3,p_87
625,6a8875f0-2c3e-4cb3-9708-53af8baa5859,inv_1211,2,p_18
626,dc68544a-b131-4249-a7a0-ad51a755fa53,inv_1211,2,p_206
627,d6f6996b-73cd-4d28-ab33-0455f53d49f9,inv_1211,4,p_19
628,8490c42b-59b6-4568-923c-0d0adfe3b952,inv_1212,4,p_42
629,0c14a619-7fb4-49e3-8b87-aec0a7b56a1d,inv_1212,4,p_29
630,8a809083-2bef-4895-8b9b-697dc64634ad,inv_1212,4,p_223
631,be1c5919-b365-49f6-b685-cab4eba4b9fb,inv_1212,1,p_220
632,e41d5829-f744-4959-b883-2d0772976b07,inv_1213,3,p_8
633,8b708e53-e1c4-437a-80f4-3317c0171a3f,inv_1213,3,p_204
634,f51bb7bc-5556-4ab2-97e6-e062a9946d2c,inv_1213,4,p_42
635,a8aa971d-21af-43f0-972b-2d8a1e504921,inv_1213,1,p_209
636,c9bc76ad-0eac-417c-8670-4a0aa8e31a43,inv_1213,1,p_200
637,6143ceb5-f511-46b4-95f7-3d229a6415e8,inv_1214,2,p_57
638,00a0166b-136c-4f2f-971c-00b06a3c0332,inv_1214,4,p_207
639,73f6579d-bc06-4c4e-86c6-b52c31d6503d,inv_1214,1,p_19
640,f03a50fb-585b-4d03-8164-109075d771b4,inv_1214,4,p_218
641,c5267c3b-0c48-4cf2-8502-7756dd4e474c,inv_1215,1,p_33
642,d87ec0ce-0267-4155-b786-528eed1d4742,inv_1215,2,p_57
643,d9879b5e-2b9f-441a-9924-5f0151c3ac49,inv_1216,4,p_214
644,66f2b55b-42aa-4211-8bdb-b8a90add8c87,inv_1216,1,p_219
645,22251952-74e1-4cfd-ba39-a8889354f63f,inv_1217,2,p_217
646,9b108317-1d82-4400-85f5-7687e69a2c53,inv_1217,4,p_222
647,a5924190-01d2-463a-9a38-63dfe1a8f6c6,inv_1218,1,p_203
648,042eb065-5fd9-4b79-8dde-47ffb44da988,inv_1218,3,p_203
649,ce58ca03-1de2-4c52-945f-b089c8b2616c,inv_1219,3,p_224
650,360c82f2-d2f3-4468-a53d-3cf5a48c6d25,inv_1219,2,p_215
651,13f45429-ea89-449e-bcca-256f584ead8a,inv_1219,3,p_79
652,591c13f6-b149-40b4-ac16-247cc60218b8,inv_1220,4,p_212
653,7a1df19e-b740-4894-858a-98748a65da01,inv_1220,3,p_217
654,ebebf788-4c2e-434f-b641-b720cccbda0c,inv_1220,4,p_207
655,47a4cc30-9dc9-4279-afb7-ad063c32a401,inv_1221,4,p_19
656,6fd72418-dc0a-4239-b694-f4205efad698,inv_1221,4,p_224
657,f84733bc-a298-423b-b0d2-4cc7b285f0ac,inv_1221,4,p_201
658,d7aae13e-6172-4929-8e67-2926521baf95,inv_1221,3,p_217
659,857489cd-9a6e-4880-877e-fb4aac522cfe,inv_1221,1,p_48
660,d3d9c68c-6f95-41c4-b167-7e36646015ba,inv_1222,4,p_210
661,b0d88c0b-8898-4cd2-bd12-1e14b0299bd5,inv_1222,1,p_204
662,f9f4f5ac-9062-44e1-85d5-f929fe7acc2b,inv_1222,2,p_218
663,8564413c-974b-45ff-aca3-30a0eadbc6ad,inv_1223,1,p_200
664,35c433ab-c6b1-4aeb-850d-19243673eee7,inv_1223,2,p_217
665,7d8f0ceb-6cff-4a72-8448-17a0c1f3aa22,inv_1223,2,p_62
666,3328d230-f2ac-4511-b502-04af8ea9f2e0,inv_1223,1,p_208
667,e7c7d6e1-84be-4507-ac0f-d69385b5274c,inv_1224,4,p_14
668,1a8203aa-8cdc-4899-abd0-f0d860fb4a25,inv_1224,4,p_62
669,9e2e69ed-8180-4960-9b86-6c04920fc850,inv_1224,2,p_30
670,444c30d3-d4ff-42c6-acc7-b5685c6a4559,inv_1224,3,p_218
671,ee8bf891-bc3f-46a3-aec4-e9e403f22ca6,inv_1225,4,p_216
672,d55047c9-528b-4550-b902-a9d163911ddc,inv_1225,4,p_201
673,4e19aadd-1cde-409e-9cb7-3920ed3a8058,inv_1225,2,p_87
674,8f502b30-2c91-4b58-a6e3-1f00e3d998ff,inv_1225,4,p_222
675,5d54498a-343f-4840-87c8-bb16f1fcd5c0,inv_1226,1,p_100
676,0ffbdb57-1066-4584-8827-9b19eb4af854,inv_1227,3,p_48
677,56e37b17-ec85-461c-9c96-ffd3d4bd6845,inv_1227,2,p_100
678,d2970d89-db4a-4efb-bb5d-c7604f8f1309,inv_1227,1,p_33
679,d8030bf7-4d95-426b-a744-0be550c87b4f,inv_1227,4,p_201
680,b6d4b6d0-46d8-4a2c-94f5-e54b8ee54ee7,inv_1228,2,p_8
681,d30777ae-4741-41a6-9c88-f976121df552,inv_1228,2,p_205
682,a349977e-4b23-45e4-b01e-3cc4749037fc,inv_1228,2,p_222
683,b6dd6916-41c3-4dde-8c76-fe058cfc0c29,inv_1229,3,p_221
684,ab8ec650-3270-4f0a-aace-8be37ac28205,inv_1229,4,p_204
685,9457b83d-21c9-4fb1-bb05-6eddf6955575,inv_1229,3,p_33
686,373279d0-211d-4910-b8c7-3a78000f7acd,inv_1229,4,p_110
687,3022b786-8a00-42d5-b61a-850b658cf575,inv_1230,2,p_218
688,2b301cbc-c311-466f-8f9f-c26e98fb29f8,inv_1230,4,p_18
689,c434a05d-a219-4d18-b882-6299c59cb80c,inv_1230,2,p_28
690,0cafb869-9343-4ef1-b6ee-82d3cd2ad822,inv_1230,3,p_218
691,77eb8ea0-3915-48da-ba17-e8244ae778ee,inv_1230,1,p_62
692,7f228a07-18fd-4d8e-b2ed-69b117925167,inv_1231,4,p_202
693,6ddedc08-4594-4cec-8b5d-2e4a8ada44cc,inv_1232,1,p_213
694,b359fd08-01b8-44ba-8209-934d86a10793,inv_1232,1,p_87
695,5150e08b-a6e2-4278-8c36-67cfbe7a5b04,inv_1232,3,p_221
696,a385d668-9d40-42c9-968c-b79aa2c26b76,inv_1232,1,p_8
697,e46bb1ca-368b-4c85-905d-0b6217ad5853,inv_1232,4,p_203
698,a61f5f95-1483-430e-9a69-20203ba29eec,inv_1233,3,p_38
699,4f7a5d19-38fe-4502-8da5-6b856ecacaaf,inv_1233,4,p_29
700,6a126b28-380e-40de-8aee-efbcd2a68231,inv_1233,4,p_38
701,cd64d7c6-b165-430a-acf0-9d6e2ff68628,inv_1234,4,p_57
702,578b5fa1-1005-4a4f-93d9-e343a3e8f46b,inv_1234,2,p_57
703,7ac7b988-5651-43b7-9a00-68c24f6bd6fb,inv_1234,4,p_100
704,0891e051-e8f3-4918-bbc6-afb18b8de5eb,inv_1234,3,p_62
705,f0be5e43-233d-4d3b-a639-655dd69f2940,inv_1234,3,p_209
706,9c712c9b-91eb-4847-8922-e699e71f8de5,inv_1235,3,p_18
707,bdae3253-8f2c-48fd-8c1a-42c141bed0e4,inv_1236,2,p_19
708,ee6240f5-cee3-4240-80c0-9416cb7a1682,inv_1236,1,p_31
709,9c02a0ab-1b49-49fa-9822-8d9619b76063,inv_1237,4,p_99
710,ce4b7e87-6cb5-4bed-8822-f5b769578681,inv_1237,1,p_31
711,19b4ceeb-3502-43f9-8a52-53f3d81c6e56,inv_1237,3,p_224
712,abe28bc7-47dc-4c5d-a509-411638676b6c,inv_1237,1,p_209
713,4bb3892a-c5d5-48f4-a5b8-936382cf8cbb,inv_1238,1,p_29
714,5ebd672f-2393-4201-ae2b-20e6b5d1417a,inv_1238,1,p_14
715,b81e02ac-643b-4c4b-ae5b-9ee8498f3f8d,inv_1238,3,p_215
716,061e0457-4dd5-4776-a327-3d240a26c05e,inv_1238,1,p_208
717,0391d646-c179-4a0c-96b0-7944ba31b595,inv_1239,4,p_219
718,86a6490e-fdf8-4f7b-b3dc-62881411ad87,inv_1239,3,p_28
719,665a09d9-c9c5-49ec-92d2-bddbfbbdff42,inv_1239,3,p_215
720,fe0e5beb-45b9-4058-b346-68a607f55c29,inv_1240,2,p_87
721,a40a604b-d13f-4a03-946d-1aaf3fc4fac1,inv_1241,1,p_100
722,af4f8cc1-2b2f-401a-bd92-e3fccb963339,inv_1241,2,p_209
723,a8952a83-59a0-442e-8a3a-7832ceead397,inv_1241,4,p_48
724,205aefbd-0eed-48d3-98f3-bd17cfe1505b,inv_1242,3,p_207
725,a1fa8edd-4e3b-45e6-9d02-277f66670908,inv_1242,3,p_100
726,f668f83a-539d-4d27-b4be-435e3413833b,inv_1242,1,p_55
727,7e597692-ec0e-4620-b370-029cb3874122,inv_1243,4,p_28
728,020df00a-9cdb-4ff5-b2e0-144b12299174,inv_1243,4,p_87
729,20f253c1-98da-4e33-8ab3-d44a782bbd4e,inv_1244,1,p_14
730,339420f0-5f1b-4f80-9adb-46801f2bfee3,inv_1244,1,p_221
731,56d234ce-e676-4128-bc40-1b16dea7e816,inv_1244,1,p_209
732,1b05f44d-a6b6-4974-b733-739b0d7d0e51,inv_1245,3,p_219
733,b74d4d25-e2b2-4341-820b-637f40fbf2ac,inv_1245,4,p_8
734,fa6ab28a-648b-41b0-ba65-f4d1f56e9830,inv_1245,3,p_209
735,7af28e74-0a6f-4ccf-935b-22da40104432,inv_1246,1,p_28
736,18715b2d-b804-426a-9896-6e8de3165f79,inv_1246,3,p_87
737,89ae278e-0e80-4857-ac30-557972b19df5,inv_1246,2,p_200
738,e8746241-7394-4a39-a832-abb3ad8975b1,inv_1246,1,p_212
739,35440c97-839e-47c1-91cb-e5cd334c9329,inv_1247,1,p_31
740,fdbf83f5-128e-4ba0-84c5-6300ad48df02,inv_1247,1,p_18
741,d3acc7dc-070f-4512-8156-0ea78ba84e34,inv_1247,4,p_52
742,b85cb359-e991-4729-a69c-1a8fc8e1aae0,inv_1248,4,p_211
743,1bebe79e-7415-4dd3-83d3-af157e1db6a6,inv_1248,2,p_208
744,a98f7f53-660b-484d-a21b-2de96f2e7148,inv_1248,3,p_42
745,01f651a9-9ec0-4433-b71b-f5604e34f5a6,inv_1249,4,p_220
746,f8ac7caa-a32c-40ce-ac93-accee73b29c3,inv_1249,1,p_14
747,606d0ecb-061e-4fd4-9f17-08862b4f5ede,inv_1250,4,p_213
748,bb8a1027-fbf9-44b6-ac84-584b0d56260e,inv_1250,1,p_19
749,e530cbb2-3404-4379-9fad-41d65fa9847c,inv_1251,2,p_222
750,91540225-c676-41ba-86f5-ae2c2993e651,inv_1251,4,p_121
751,350b1de0-4ffd-4022-bd37-de330bcba71e,inv_1252,2,p_121
752,30996094-d0c5-41d5-9f1f-a9016005a6ee,inv_1253,4,p_19
753,683878fe-024b-4b04-b8c8-b6ce9fd86ed0,inv_1253,2,p_48
754,2ddf0a32-f28a-426e-83d6-590572d26e83,inv_1253,4,p_55
755,75e04c70-32ce-4292-b45f-4383132ddd8e,inv_1253,2,p_80
756,ecda4441-1dc1-4ba7-8fc2-2fa0200c30af,inv_1254,3,p_206
757,4b13c02d-dda5-4b8d-99ae-10a07b00bbfb,inv_1255,1,p_200
758,bb5564eb-1c71-478d-9657-37df9da55e17,inv_1255,4,p_211
759,c070fab3-b202-47e4-bfdc-cf813c1a0e51,inv_1255,3,p_214
760,451cfca0-dd1b-43d6-a9ba-7bc68e419adc,inv_1255,2,p_202
761,f1cd0cbc-39bb-4814-820e-303488d0555f,inv_1255,1,p_121
762,af3e657e-b9ef-456f-b3c5-d666a3d54084,inv_1256,1,p_219
763,efe5343b-6aa2-4640-ba52-cddd0d0df113,inv_1256,1,p_212
764,2ac46ad7-df8e-4f4a-86fb-c551f33e957b,inv_1257,3,p_55
765,c2e856cd-317b-4014-8c68-374142f2a410,inv_1258,3,p_28
766,24ebab07-0e86-4ab2-b32a-65fa0f601f3e,inv_1258,4,p_105
767,475db295-d4c6-4512-b463-4e985a288b68,inv_1258,4,p_209
768,3581170d-5561-465f-befc-b64ff1030f2c,inv_1259,1,p_83
769,d149a572-e091-4bd1-9070-10edea43630a,inv_1259,1,p_57
770,453cecc5-1553-4789-b898-77162d782d22,inv_1259,2,p_223
771,efe3b7bd-cb84-40b3-a9fa-a2f44aa6760f,inv_1260,2,p_55
772,86c421b0-4b65-4df0-abf7-31334b17d279,inv_1260,1,p_216
773,86af6534-dc5b-40d0-aa5c-a34381f9b969,inv_1260,3,p_57
774,cebd7e6c-4ff1-4ebe-a514-a8074b36e52e,inv_1261,1,p_206
775,07f5e42a-13de-4dc9-a627-0dfc49aead78,inv_1261,3,p_217
776,f6bb3c6f-f2c0-42d6-912a-08324e6bf1c5,inv_1261,1,p_217
777,0c81da0b-d37e-4987-9f41-ffaad082127e,inv_1262,4,p_219
778,b735b419-4a48-477a-93e4-d06c69b497c1,inv_1262,4,p_38
779,edd14b1b-e497-429c-bbd5-f0385ea239e9,inv_1263,1,p_224
780,3d509df6-d180-469f-9830-8a8bd633e00e,inv_1263,4,p_38
781,31888fd2-7629-49da-be1b-4c1535843969,inv_1263,2,p_201
782,83046a78-4790-469d-aa7a-01acaca42e49,inv_1264,1,p_216
783,c7fe6936-9b2a-4c47-b758-4c7a22a78396,inv_1264,4,p_79
784,f64198ed-9469-4484-9e46-328bc971fd6f,inv_1264,3,p_14
785,2c507ccc-bbcc-4a41-b680-19c54bc9979a,inv_1265,2,p_209
786,07307dcd-bcb9-4c2d-8a7b-dedd81b298e9,inv_1265,1,p_30
787,404f538e-52f1-4fc9-9fa4-5a85ca73fbcc,inv_1265,4,p_121
788,f1c70cf5-d9be-4259-9801-b9722d80b339,inv_1266,3,p_214
789,2fe81060-7ef7-4a52-af42-b2e835f31ab9,inv_1266,3,p_214
790,b7738350-b6a1-4701-b567-32920a099410,inv_1266,4,p_201
791,f4a123f4-b22e-4fd0-b8b4-af8a5efd4d4b,inv_1266,4,p_221
792,ffad64d2-43ed-405b-995f-ec6c905123a1,inv_1267,3,p_29
793,30a3c179-2ca9-4656-9a01-9b8631617d35,inv_1268,4,p_31
794,c4b1179b-4079-4fac-8dbb-bfeeb1621693,inv_1268,4,p_18
795,58f74db8-9fa8-4472-9783-dc74eeabc0c8,inv_1269,3,p_220
796,73e43009-f803-4eb9-8e92-e4f687cb8a4a,inv_1269,3,p_83
797,3f93d577-801f-421e-ad68-0c34280a5e3b,inv_1269,1,p_220
798,3d333696-9f79-44a7-a71d-d7f4f634a918,inv_1269,3,p_48
799,af21acd3-fe1c-4b48-82a1-043972a5f733,inv_1270,4,p_218
800,915c85d2-c393-4fc2-bd64-61611b721c3b,inv_1270,4,p_206
801,6eac0cb6-33e4-45cf-96ed-0036b3b5fbe6,inv_1271,3,p_207
802,348f1745-fddd-4675-b048-4454d3464727,inv_1271,3,p_208
803,5bf49bdb-99d1-4b5d-8ac1-d0534afbe8d8,inv_1271,4,p_42
804,eb96b97a-2651-4b71-bcbb-3a9a8c5cfca8,inv_1271,1,p_105
805,b32d6f5f-afe3-45df-a50b-7c0c0c57a9fe,inv_1271,4,p_55
806,d22832c4-519e-4af5-8b96-a80423201388,inv_1272,4,p_203
807,b5a9645a-aba2-4636-951d-86123399bab1,inv_1272,2,p_224
808,580cb605-7902-49a2-90e1-251fc5cbc3f6,inv_1272,4,p_205
809,c775b4f8-5cf1-4607-9b55-2f107789ca3f,inv_1272,4,p_217
810,c8481ba1-59e5-424a-805d-8bfefefecc23,inv_1272,1,p_215
811,2ff42b15-dc57-424e-8590-a1f09f40c197,inv_1273,1,p_30
812,3dce1405-ea94-4697-a8c9-f2ce1635d3f2,inv_1273,1,p_83
813,04b2e000-5e4e-4add-808b-43a715b42913,inv_1273,3,p_211
814,9d483bf3-43c6-4545-97e3-948301e26265,inv_1273,1,p_38
815,82441b4a-779f-47d8-adbc-b9d8243234a5,inv_1274,4,p_79
816,09bf2539-93a0-4d74-ae1a-bdf5e337b6a7,inv_1274,2,p_219
817,d54afb27-735b-4859-9446-5972209b4048,inv_1274,1,p_206
818,0780e081-0586-4b40-8977-6e56d1835212,inv_1275,3,p_224
819,d8e774bb-1c9b-4ff1-9415-323cb4342478,inv_1275,4,p_79
820,0bf7dc8e-397e-41de-94eb-1f2bce334036,inv_1275,4,p_221
821,bf0a5305-6490-4e2f-a437-5a22c54d0053,inv_1275,3,p_204
822,90d821ca-dff7-46c9-bdd8-72982a5a105c,inv_1275,3,p_8
823,7afa24f5-6689-489b-8f39-307da4b69214,inv_1276,2,p_207
824,92ca130e-76d5-4cae-ab5e-baabae51ca49,inv_1276,1,p_224
825,57589fe3-b4a0-4818-a5a7-0673da0df337,inv_1277,4,p_29
826,49917acf-91b8-43b4-9436-76938692f4db,inv_1277,1,p_38
827,2b735caf-1678-4c09-b2db-89592379a517,inv_1278,4,p_209
828,f1e99f04-f43f-46a6-83a0-3480248bcb91,inv_1279,2,p_83
829,b5fa2f04-8134-4778-9067-11bb8397b2b1,inv_1279,3,p_204
830,850b16da-469c-412a-b02e-f70551cd40ff,inv_1279,4,p_121
831,831cb395-7d25-4e77-9f4e-e3be91417c8d,inv_1279,3,p_217
832,0fd880e3-8627-4b42-afdd-be63765f387f,inv_1279,3,p_33
833,85084263-44be-407e-99fe-1411da5c90a9,inv_1280,2,p_62
834,443007f6-50e4-466a-8cca-47d3c5e00315,inv_1280,2,p_52
835,12ae440d-b431-4fb6-b8c4-374a58a67caf,inv_1280,4,p_83
836,0ddec584-c575-44f3-92c5-3ecd5ef85eaa,inv_1280,1,p_87
837,69f0b47e-fbc7-45fd-93de-fa0e76dd27bc,inv_1280,4,p_223
838,98b6a2e4-6875-4398-b64f-1b097d91db44,inv_1281,3,p_33
839,a47a1906-8338-422b-92b5-80b8fbb1b424,inv_1281,4,p_38
840,59c28ed0-7ac2-412d-9243-c4342c9f4159,inv_1281,2,p_222
841,bad8a72a-3861-4860-a9b3-4c1e46be0209,inv_1282,3,p_205
842,0c05f8c0-0add-4001-a416-8b1b14a3fd16,inv_1282,2,p_215
843,753f5673-ed67-4d29-9262-72570e1210e1,inv_1283,1,p_79
844,f4ac3d98-c953-49e4-9c49-933d4172fbec,inv_1283,3,p_62
845,959e1edd-720b-458a-a8c2-b689c8ef031e,inv_1283,4,p_52
846,c069dbd5-7935-4634-b869-6101c8a314fe,inv_1283,1,p_38
847,726039cc-2b4c-4359-8746-a5da37133ea5,inv_1283,1,p_38
848,d02a2e63-22ce-498f-b4c4-535c0e717f02,inv_1284,1,p_121
849,fcd24317-4333-4696-b848-ace753a97e63,inv_1284,1,p_52
850,f7e13e78-c3f6-416c-92d1-cbd2fc5dfd09,inv_1284,2,p_100
851,ef1e8239-9f1e-4755-b7e9-30db2aaf2df8,inv_1284,4,p_204
852,e5bf4fdf-38af-480f-b1dd-41e665443f53,inv_1285,1,p_52
853,79a5fa49-51cc-4df9-829f-da52a2f8df28,inv_1285,4,p_57
854,cf0a4054-9583-41cf-a8c0-cc138497571c,inv_1285,4,p_220
855,6d3f3bf6-c90b-4ad3-9d5a-2dcc79b3e54b,inv_1285,1,p_57
856,2aaf73f4-ad91-41ad-8e82-694177cbbd79,inv_1286,3,p_62
857,ba74ca35-dc89-402d-a48d-2b5bb377e77f,inv_1287,1,p_224
858,f1cface1-c9b6-4289-8f3b-9c9f0faa5114,inv_1287,1,p_31
859,c835b0a3-fcf9-441f-ad35-261d1459599a,inv_1287,3,p_217
860,ff7d73cb-1276-44d9-b849-fed4edfdbe4f,inv_1288,3,p_48
861,a4ae28f7-231d-4e37-88d3-eedbd5407a87,inv_1288,2,p_42
862,3467d2db-ac94-4acd-878b-f9475be7dd65,inv_1288,1,p_220
863,3540ecc8-ac8c-4598-ae96-9f530c44be29,inv_1288,4,p_80
864,1430892f-2d11-48d8-b3b9-6e97bb79e41f,inv_1288,4,p_224
865,711fc2dd-a94b-44ae-904b-05364a9bff16,inv_1289,2,p_110
866,abedb25b-e9a1-4344-a674-9bb714c4386d,inv_1290,1,p_210
867,83d2d3a7-81b1-4415-83ec-a1c5c2f19099,inv_1291,4,p_79
868,b1ed7120-c650-440e-bfe7-58ce512b576a,inv_1291,3,p_216
869,c0cf7d33-b80b-48ee-a468-d266b8e26c7b,inv_1291,2,p_212
870,62ade8e1-1d14-4fb1-965a-b2bdd6423228,inv_1292,1,p_57
871,a80cb11d-5d8f-48f9-8158-c2facc5e5cfd,inv_1293,4,p_55
872,71356214-226c-4ce7-8d52-f8a0812e10c4,inv_1293,3,p_99
873,1099d1e4-4bb3-4d15-9da4-7a07fb5fc7e3,inv_1293,2,p_19
874,35ec5a31-0b27-41cc-9e8a-698917e6fbec,inv_1293,2,p_216
875,d6075d16-1914-4548-9c9a-46ee893277b4,inv_1293,2,p_33
876,bf3cda7a-0685-4162-adfd-b589f1f68ff5,inv_1294,4,p_57
877,d7e5ce0f-850e-4983-a1e0-36afb5c643c6,inv_1294,4,p_216
878,344ef952-527d-43f7-9ae9-d1f4ff3d3b0c,inv_1294,2,p_100
879,2e35bff2-a116-49b0-9fda-82c58845cc94,inv_1294,4,p_105
880,d424b585-007c-4d87-9e77-3a04eba18e12,inv_1295,2,p_57
881,3bed9266-f9ba-47d8-90e2-78eb6152ece5,inv_1295,1,p_19
882,ff3c1101-3c67-4f62-a1be-f42a8df5a1e5,inv_1295,3,p_14
883,2f0396db-0ad8-40c9-a848-e49735248930,inv_1296,2,p_216
884,f80e1ad7-4d9f-43df-b7fb-5977b130e13c,inv_1297,4,p_214
885,26054615-cb1f-46d2-b553-4a965c8401c3,inv_1297,1,p_14
886,e5b542eb-56f4-4e8f-a466-3f76915e734e,inv_1298,4,p_28
887,d8ffb409-764b-4462-b30e-e1e8c9dc6a47,inv_1298,4,p_217
888,40ecb623-b9d5-4dc1-b22f-821de06c6ac6,inv_1299,1,p_38
889,985ec178-809d-43e0-903b-a62ca7fcc991,inv_1299,1,p_28
890,d762d746-6b9d-4bf6-8701-ba631207170b,inv_1300,1,p_201
891,8d50b9db-81a5-49ca-9731-a90f0009db1a,inv_1300,3,p_52
892,b3448e1b-95f9-4956-85c9-ec3247926769,inv_1300,4,p_33
893,6e681731-7c4c-461c-9167-0c6924751a86,inv_1300,4,p_202
894,d5db0162-7d28-433a-a7cf-94795383a740,inv_1300,1,p_216
895,9fb0ea31-55f0-4908-9167-0c5930367c9c,inv_1301,1,p_206
896,97995434-c8ce-4dbd-a2ad-15bf69a19897,inv_1301,4,p_87
897,260b29a0-44db-4493-b1dc-9d78bdfb4e36,inv_1301,3,p_18
898,477a29a9-39e6-4943-9540-9ce25a97994e,inv_1301,1,p_212
899,67055ce3-e151-4e6f-b846-be1aa4769d11,inv_1302,1,p_201
900,89e47c78-05d4-402f-b8ac-00d6199e65f0,inv_1302,3,p_224
901,588adfea-ea24-41a7-8cdf-811456a5d5cd,inv_1303,3,p_55
902,0b560584-530a-40c1-b7f5-1b55aaabe450,inv_1303,2,p_83
903,dd527555-eb0b-46f1-b6a6-e2611dadafc8,inv_1304,2,p_207
904,9df9317d-ddb9-4ab3-92c7-8cd7e724fbcd,inv_1304,4,p_48
905,0d13c3f9-78a2-4312-9d6f-fb0d4f9c1366,inv_1304,3,p_105
906,5142bedc-9234-4a78-9043-e9fda9cbfaa8,inv_1304,2,p_110
907,67b9199e-fd8e-4fec-bfbe-32422fd04716,inv_1304,1,p_219
908,72b888ec-99a3-497b-8535-43010a1c7e0f,inv_1305,1,p_218
909,a30fd02b-a348-4b98-b684-0cddefd27092,inv_1305,3,p_79
910,395355be-3b2d-4616-8a80-d7218c560c17,inv_1305,2,p_205
911,8710fa81-24c4-470b-b6ca-f58d2cdc5d60,inv_1306,1,p_14
912,d3be5519-a5e0-486e-b9d4-701bc7b52339,inv_1306,3,p_216
913,97eb1af6-2efa-4406-b05d-6684d785f176,inv_1306,2,p_110
914,6c16ff8e-20f3-4d1b-b8a7-2b68266f9f2b,inv_1306,3,p_100
915,17e0d256-5a69-4646-9b41-89e624dea0b6,inv_1306,2,p_55
916,2243a93d-6613-47f0-984c-362f026a074f,inv_1307,1,p_218
917,456b44cd-1bdd-44ca-8068-2d78eb772566,inv_1307,4,p_216
918,ce9b6e3e-b3ab-4abf-98ff-5247eb5687a5,inv_1308,1,p_38
919,04ebf534-70ea-4c75-953d-8684445a3128,inv_1308,1,p_29
920,ec26fe72-a572-4dba-8b4f-df15cee119d7,inv_1308,2,p_8
921,b2ea7eba-2615-4b20-b662-db24057ee337,inv_1308,1,p_79
922,e0f9d7ba-b2b8-4f57-bc7a-be7998d0a51d,inv_1309,1,p_100
923,1b628908-45b4-4545-970f-e25a2257b09d,inv_1310,3,p_28
924,732c7c3a-bba0-4588-8aa1-a4920d324ca3,inv_1310,1,p_55
925,5ec904e7-beec-4af3-9d47-6c7373fd76c8,inv_1310,2,p_33
926,31ecc8a4-c2c5-459f-bba1-5b95e8a708b2,inv_1310,3,p_202
927,3420e82e-f948-483b-bac0-345ba035daff,inv_1311,4,p_208
928,c955edfc-5859-4060-9484-43658f4e4b0b,inv_1311,2,p_87
929,21db6891-e942-4589-b5bb-e6e7edd39499,inv_1311,3,p_216
930,07066c1d-a25c-46ef-963e-47a21d7b2124,inv_1311,3,p_33
931,a09f4c7c-73d5-4928-982b-52b786e2cef6,inv_1311,1,p_212
932,24806257-55d4-403e-a678-365cd0ac86e0,inv_1312,3,p_222
933,ef226f67-45d7-4809-8ba0-4febf51302c1,inv_1312,1,p_213
934,81f0af33-3d8e-4bc8-867b-e890ece243a9,inv_1312,1,p_222
935,3051aa48-5140-48fc-8e19-e33451ef6ac1,inv_1312,2,p_100
936,d5e472d7-ba4b-4f2e-9fa7-d2d25f59e27f,inv_1312,4,p_220
937,56b8177f-8e8a-4001-85e5-2452a1287e6b,inv_1313,1,p_57
938,b6e9112d-563c-4b04-9a82-a5b9f0537899,inv_1313,1,p_200
939,262a03b5-ff47-46d2-a58b-9c8b1004200d,inv_1313,1,p_207
940,4f70c3a5-42f5-4e54-bc1a-235440bb99ec,inv_1314,1,p_209
941,2ac771ff-f9ba-42ef-bc6b-b8a25ff0c6bc,inv_1314,2,p_214
942,94c3bcfa-b8ad-4171-8995-0701b9448ca2,inv_1314,2,p_221
943,ffd8c068-f211-494e-b5bd-82e62b58916e,inv_1315,4,p_87
944,5a4114b0-9532-497f-a7ee-6db6aeab8b95,inv_1315,4,p_221
945,de978e70-c090-4c32-8905-e129d4f33450,inv_1315,4,p_211
946,7ff58625-b83a-4a18-bffa-0b5bd0893663,inv_1316,4,p_38
947,9c933262-f608-4e87-9f4a-d53fa1816fb9,inv_1316,4,p_203
948,fc034351-4b6d-4fb7-be60-588dfb70a925,inv_1317,1,p_33
949,812c7364-f1e9-4119-a38d-2c9c46a54ecf,inv_1317,4,p_87
950,5b7f90f5-f335-482a-813a-d390aca0587d,inv_1317,1,p_38
951,48a6a358-95fd-47fe-b369-b191c7a15faa,inv_1317,3,p_105
952,2a7d6311-0d3c-4900-9a6a-9ebce20fd081,inv_1317,4,p_57
953,2b8fec38-01da-4c4c-8531-531549a38fd6,inv_1318,4,p_201
954,89c64e53-32dc-45dc-a2ed-0007e1441499,inv_1318,4,p_213
955,2f84c509-5481-4526-a1a9-ff39720fc30f,inv_1318,3,p_19
956,16491405-6429-481b-bf6d-6f998d7a4d62,inv_1319,4,p_99
957,567bbd63-64f4-4546-8877-d33b00daee61,inv_1319,4,p_80
958,c74fd529-cd42-46a9-b045-07c830a85eb7,inv_1319,3,p_205
959,83cd09f2-d3b4-428d-a7af-76c2730d1234,inv_1320,4,p_105
960,1869f884-a090-42b2-8012-cbdecb95d873,inv_1320,4,p_224
961,0c7effeb-238e-43c9-b18e-7c683836c676,inv_1320,1,p_204
962,66f30002-fd40-40d5-919b-84c02bb6ff00,inv_1320,3,p_201
963,aadbd1f9-5837-4e6c-898e-8a8abb5b01bb,inv_1320,1,p_211
964,e2a78b3d-fc0b-4813-b892-f019239cda05,inv_1321,3,p_52
965,90c83df1-2220-439b-9a2b-af3902cf2caa,inv_1322,2,p_105
966,86cc03b5-8e08-4275-88db-8210706a8c14,inv_1323,3,p_214
967,230a5f69-60f2-4d8e-b2d0-fc50b48f88cb,inv_1323,2,p_208
968,71ff6e69-7e6d-4b30-a16e-e8036baf2fe3,inv_1324,2,p_62
969,b9c46fcc-4c83-40e7-be29-3c50f4ca9093,inv_1324,3,p_42
970,d1107591-718f-4a1e-95cd-f2ceb309f823,inv_1324,4,p_219
971,fb20536e-43e8-47fe-ad4f-bfacb0ab13c5,inv_1325,2,p_55
972,26c636dc-3fda-4464-91a7-9b933e8ee07e,inv_1325,1,p_52
973,f96d5ed7-ed2d-4478-9b22-79c009625d2d,inv_1325,4,p_206
974,822fd389-a631-4408-b7c4-6d3c0af3db90,inv_1326,4,p_200
975,7473eae4-162c-4f6e-9ad1-9536d87428f1,inv_1326,1,p_8
976,cd584659-1f25-4ccc-8491-752663690c3a,inv_1326,2,p_210
977,759e7d67-014b-4d23-8c70-513529820b96,inv_1326,2,p_57
978,ace303cf-0468-4479-8fb6-1d46ab05d0aa,inv_1327,2,p_224
979,2dfffa8f-812e-498d-a948-9c7c935e526e,inv_1328,3,p_29
980,07d5afcf-d509-4c64-8b1c-5dceaf5c4426,inv_1329,3,p_217
981,7eb98dd5-9d4a-4aab-a117-d4d58ee74a44,inv_1329,1,p_55
982,fc0af951-d939-44d8-9ca7-4a1d14c2b723,inv_1330,3,p_99
983,3cf183a2-8f5a-482b-a5d3-278afc5b3234,inv_1330,2,p_29
984,490d5bfb-71f0-4df3-89ef-3df281d98dec,inv_1330,2,p_31
985,3a84a0f9-945d-4fca-a186-58ec9e1c6858,inv_1330,4,p_201
986,910e22d0-2336-4ec7-b0a7-f1149249472c,inv_1330,2,p_79
987,59dec9c7-d6fc-4138-9175-27f3f360b80d,inv_1331,3,p_213
988,47bf619b-0c8f-4289-8170-baa614e634f7,inv_1331,1,p_110
989,445eb9ea-ee40-48d0-b01c-414f335b15b3,inv_1331,1,p_18
990,96d956d8-b2df-40b0-9dec-6f1d656b0a86,inv_1332,2,p_62
991,4f8b66a8-bd89-4e20-bb64-0478a67b230b,inv_1332,1,p_212
992,a18f1924-408f-4bc2-834b-db238c42f473,inv_1332,4,p_18
993,6c4588fc-c189-4f13-a50e-f70b0a159319,inv_1333,4,p_212
994,921d7ce8-bb11-416e-970f-1bc5a7c5c97b,inv_1333,2,p_201
995,af1b78f8-6654-4ef6-aa7e-e47ff8df37df,inv_1333,2,p_18
996,99ad2f3a-99f0-482e-bdbb-d9ec38630207,inv_1334,3,p_224
997,a6a85ca5-c5ad-4ce2-ade6-f74386821fb3,inv_1334,3,p_99
998,6b0d6e4c-4374-4608-8fec-de9e745cd588,inv_1334,3,p_206
999,95616e73-b96a-4826-ba59-510bc6ac94f0,inv_1335,3,p_223
1000,831e846b-825f-4169-94c0-148cc7615b32,inv_1336,2,p_29
1001,df6aeac4-171a-4d2d-9c65-9c17b9365024,inv_1336,3,p_223
1002,199a63b6-efad-4671-a112-ce3c1895d3d6,inv_1336,1,p_110
1003,e89fa1c9-9a3d-48f2-a32c-6cc7cb42c8a5,inv_1336,1,p_207
1004,595e61c1-10ec-4e21-8321-0076813e27c7,inv_1336,1,p_209
1005,8b4c8c52-c54e-407c-8e64-c9d0868e1d8c,inv_1337,1,p_218
1006,371b6ab6-5776-4b06-898b-cb0ce27b5fe9,inv_1337,1,p_209
1007,e0041135-49c8-46ec-86f6-c4eebc4e5d80,inv_1337,2,p_210
1008,d01fbea4-4e0e-4ada-b653-df925d0fdda5,inv_1338,3,p_207
1009,3f35eac5-8cba-489c-9a4d-fddaae287694,inv_1338,1,p_80
1010,54cf4ea5-11a9-4d26-b4ed-fc0b92a55fa1,inv_1338,1,p_52
1011,4bae5658-4517-450a-af82-b91df7358e1a,inv_1338,1,p_38
1012,4bd0df62-97d4-4718-837d-eb8f8291ab66,inv_1339,1,p_204
1013,a28daa0a-66da-48ef-af18-09c1d57c5354,inv_1339,2,p_202
1014,9bbe5d5d-6ca3-43cb-a606-fd08480379b1,inv_1340,4,p_222
1015,1691abed-9620-4ab8-98e1-0e3cbfee5eb5,inv_1340,1,p_38
1016,28ec4cc1-3cfa-4be0-aa09-2183d8e9e3b4,inv_1341,4,p_211
1017,e9adcea6-e3f2-4820-9cfd-1f053b07319b,inv_1341,4,p_202
1018,f996c366-745e-459a-9d27-e379d510b80c,inv_1341,1,p_28
1019,80a5669c-16f4-4a31-96b7-dbf14733b004,inv_1341,1,p_211
1020,d34200d4-bdc5-4df6-8d0a-e838d2e01da3,inv_1342,3,p_29
1021,f66406bb-e7e3-4726-a8a0-c2a8879bb8d6,inv_1342,2,p_220
1022,4f3c6736-d59e-4c55-a3f5-baedae9f75fb,inv_1342,3,p_105
1023,2e5cabde-3f86-4f39-a994-a2a9d3c2f649,inv_1343,3,p_30
1024,66549a4e-36e1-4d82-a599-f99a117665fe,inv_1343,3,p_110
1025,313d2228-ac48-41fa-a81b-bd75fe2886b5,inv_1343,2,p_220
1026,5f53065e-2855-478b-9396-10673a60b4bb,inv_1343,4,p_57
1027,196a7586-a309-4e99-a384-856f0807d44f,inv_1344,3,p_210
1028,2d2be4b9-b640-451c-bd26-279d62b38c62,inv_1344,3,p_42
1029,a9e6e534-1c20-4f19-b17f-8c417593c2cf,inv_1345,1,p_110
1030,48c4669c-fe39-41c6-ad91-8bb9ae501519,inv_1345,4,p_55
1031,00fade42-3007-4eff-8d15-50652801745d,inv_1345,2,p_209
1032,b601a6d0-9d7a-4518-93a3-32fc8637dad1,inv_1346,1,p_207
1033,853384fb-e468-44ea-9dfa-ab90e62ae4b3,inv_1346,2,p_224
1034,4542e528-fae6-4aa7-a7ae-de7f4ee3e553,inv_1346,2,p_57
1035,f6c1f181-dee9-4628-8bb1-0665be33d9e2,inv_1347,2,p_216
1036,53d839de-a204-4b8e-aedc-3217f5603a8d,inv_1347,3,p_28
1037,b6338403-12e7-4584-b31a-71e1fdf8467a,inv_1348,3,p_83
1038,cc0aebc5-b9b9-41b8-949f-8d7f1048eb40,inv_1348,2,p_52
1039,f4c5d897-423d-4738-9308-4704e397cb24,inv_1348,2,p_87
1040,d7505de3-235b-4d67-8a71-5ec0c66d2fe7,inv_1348,1,p_48
1041,2698b99e-f3cc-479f-9aa4-ec778366abca,inv_1349,4,p_30
1042,45a27201-f504-4dd2-a287-03d610f194e7,inv_1349,1,p_18
1043,a51e8c8b-4864-4921-9f65-b2a435e3f025,inv_1349,4,p_79
1044,6adcbc40-6a93-4c63-8d48-aa5a384bfb10,inv_1350,2,p_79
1045,eb844803-1c45-4f5e-89e7-bd526c013216,inv_1350,1,p_200
1046,ac6b90e9-4e6c-4e46-a0c1-539d0ec32c59,inv_1351,1,p_216
1047,90502f46-7be0-42df-9a43-fbd552b206f4,inv_1351,1,p_205
1048,360c0db9-f27e-4d31-90f2-7ee2c83257d0,inv_1351,3,p_14
1049,3bf04e3f-c44d-45c2-b100-88eb79b99f9b,inv_1352,4,p_222
1050,0578b8a0-691d-40c0-9fa5-bbe297904501,inv_1352,1,p_216
1051,c3734d8c-9a00-4c76-8712-38e166ca0546,inv_1352,3,p_31
1052,c94bfd8c-b701-4b90-8696-56a5ef9b44f7,inv_1353,2,p_19
1053,f044b44b-9629-424b-a4f0-844c69c87f11,inv_1353,1,p_201
1054,e451dbbb-c715-46d9-99dc-ed4a0034ca21,inv_1353,4,p_14
1055,fff0a5d3-50a5-41b4-903b-af8c6c9b41dc,inv_1353,1,p_200
1056,dcdb4a82-26bc-4545-a7d8-4d9d1ec27c66,inv_1354,2,p_100
1057,d8d316b5-a40d-4719-9df6-f22b1fc1e8d7,inv_1355,1,p_212
1058,5aaa3cb8-a9e5-4491-a433-f0d0d43f30cf,inv_1356,2,p_121
1059,6fe1fbf5-f6e3-4dea-b8a5-e1fa49e3b1b5,inv_1357,4,p_33
1060,611686a9-a384-4cbe-823b-87caeb02ac43,inv_1357,1,p_219
1061,155bfe12-5e36-497a-9a78-6f191007107c,inv_1358,2,p_221
1062,c00bed7b-3ed8-4642-9597-104803083ba8,inv_1358,3,p_211
1063,88510a23-ebe2-4fc4-bc8d-a61282451763,inv_1358,4,p_30
1064,99904642-888a-4059-a77b-8c1c7a777d47,inv_1358,3,p_105
1065,fc040c0c-320e-4669-b99d-4e564895462e,inv_1358,3,p_80
1066,57f944ee-382f-4541-a58d-5fc740f971ee,inv_1359,2,p_220
1067,bd3d6eec-0e9e-45e9-96e3-37914e1d5657,inv_1359,2,p_33
1068,b86218b6-9904-47dd-be82-eff43e4622b5,inv_1359,3,p_203
1069,6c588a42-efad-4993-ac3f-8e5fe55e638f,inv_1360,4,p_222
1070,ad52ade1-813d-453b-bfd9-f2b989ce1ffa,inv_1360,4,p_14
1071,e14338bc-845b-46b2-ab0d-e3c29a1ca052,inv_1361,4,p_42
1072,31d1b24a-e279-4341-bc7f-5e50fcb0f149,inv_1361,4,p_201
1073,ccdbee38-5063-48c7-bc22-f37810182ab3,inv_1361,4,p_213
1074,a886ed81-1c09-4557-9e27-497af5299b75,inv_1361,4,p_30
1075,74259d39-b399-44b5-a101-887fc88495f1,inv_1361,4,p_213
1076,d92b288a-28b1-4b45-a4c2-15fa6dc604ca,inv_1362,2,p_52
1077,36d808de-2f84-46ea-a55e-4bf3ef6319e8,inv_1362,2,p_30
1078,49569960-6d54-4d8a-80e4-d0b3c8673a32,inv_1362,1,p_19
1079,222a647c-8d30-4945-81e4-1254b1e4c25b,inv_1363,4,p_204
1080,48977c17-59ec-4017-9619-d1e5b8767a2a,inv_1363,3,p_87
1081,b2b87ed8-78cb-4e34-ba96-453d6cf241a6,inv_1363,4,p_221
1082,70a4d09a-8fce-4f0f-aae4-b223237c209b,inv_1363,4,p_212
1083,22be043e-f585-4604-b225-a201b0638c74,inv_1363,4,p_55
1084,27d23322-d061-45c2-ae11-044b1715529a,inv_1364,3,p_99
1085,ce03427a-b2d6-4bcc-a8a8-8e9fa05c4f73,inv_1364,4,p_29
1086,73fb9113-257f-468c-af48-471d60fe9e58,inv_1364,4,p_52
1087,308bc9da-df07-4481-9ff9-9169ce955996,inv_1364,1,p_31
1088,a9927737-2316-4973-b959-aca4bfd1e24b,inv_1365,1,p_105
1089,a6e8a837-9991-43e9-a8c9-5b5c58aed6f5,inv_1366,4,p_219
1090,2fd8f9ff-4786-4237-84a8-f713b3e2dc54,inv_1366,3,p_29
1091,b9c5d418-d5dc-4919-811c-be4a1434ba4b,inv_1366,3,p_87
1092,977a0b5e-43c8-4b27-8e7f-48b994bf14c1,inv_1367,1,p_31
1093,f429a82f-fd56-4184-8d81-57c906376c2f,inv_1367,2,p_79
1094,f4507d9a-07e7-48dc-9aba-1c6c57a426c7,inv_1367,4,p_30
1095,55cd5834-c02c-4a03-8aae-5331553269fa,inv_1367,1,p_42
1096,683569d3-25c9-415f-801b-9cbf6e3bab22,inv_1367,2,p_220
1097,0f9a7d3d-d5a9-4f3a-bba9-2114c7a94c49,inv_1368,4,p_213
1098,6f81779e-105d-4ccd-880b-ae1de189c736,inv_1368,4,p_99
1099,2791d496-89f2-489f-b9ac-758446351d88,inv_1368,3,p_100
1100,a4223aa7-7a37-4145-ab03-929957125565,inv_1369,3,p_105
1101,7f22c4c1-eded-4069-b8c6-e5385ced053e,inv_1370,3,p_83
1102,84fdd70c-d7d8-4238-b472-3e1e27bc1f76,inv_1371,3,p_19
1103,f91e0f8e-3973-432f-8aa4-0805a9717cb6,inv_1371,2,p_220
1104,f239a34f-03f0-4b15-b3b7-01bf15c055c3,inv_1372,3,p_211
1105,f6444997-7d68-4fb7-a75c-0a3ab554ca03,inv_1373,1,p_217
1106,00cf464c-6917-4503-a949-e13cbfb54fdf,inv_1374,3,p_220
1107,6a81b98b-8935-48bf-ab13-6abc2400a2ba,inv_1374,1,p_211
1108,ae5f84ec-bc15-42c4-b8e8-c1e9233f9b2b,inv_1375,1,p_213
1109,0d3ca04e-a2e3-4ff0-8073-54ee5807de9e,inv_1375,3,p_87
1110,db399014-6798-4595-9704-ae583f501761,inv_1375,3,p_30
1111,1bb4b1af-7ca4-4282-ac12-0d3fab1c01dc,inv_1376,4,p_99
1112,67be853a-ba94-46cd-bf8f-db0f4b090214,inv_1376,1,p_220
1113,ba18d30f-cac1-482d-973d-2215486ac644,inv_1376,1,p_31
1114,2affdee0-66a4-4502-b418-746e22bef782,inv_1376,4,p_208
1115,a23046fd-9168-43a4-84ef-62499c14a966,inv_1376,1,p_30
1116,c0b1ecaa-7aa7-43d5-ac51-0fd643c72a1d,inv_1377,4,p_208
1117,ac7f919e-5407-41af-a654-b6e5280c9eb7,inv_1377,1,p_80
1118,687f73b2-138a-4ec1-9e3f-a96118fc03e5,inv_1377,2,p_80
1119,940a6153-8773-415c-9799-4225cea3eccf,inv_1378,4,p_31
1120,2cb7fde8-94e3-43a3-8c5d-3b519f851795,inv_1378,3,p_28
1121,21e9e1f3-5de7-42a8-9975-a99465c3f9f4,inv_1379,1,p_206
1122,0e6372ab-8d8c-4446-bb9f-3f232df88677,inv_1379,4,p_224
1123,6dba40e9-abd3-4966-9268-95446b565dd9,inv_1379,1,p_224
1124,f777508b-93ca-4de3-b781-1db5a4bf6bfe,inv_1380,2,p_204
1125,6bb748da-642a-4b6a-88a3-996d85b3df25,inv_1380,3,p_204
1126,93900379-56e2-4ee3-aa82-039d667eb579,inv_1380,4,p_19
1127,ea1a1d3c-0d67-4165-885e-6d9562510543,inv_1380,2,p_100
1128,7d14f1ba-1cde-4aa8-ad52-611561fe592f,inv_1381,2,p_216
1129,a7481e79-95fe-4236-858a-119c5c4ba254,inv_1382,3,p_80
1130,2cc4714e-de6b-4107-8fa5-59e15e0208ca,inv_1382,3,p_217
1131,8dc21077-3480-4caa-9686-3790ccae3b3e,inv_1383,4,p_28
1132,dc10a925-b43e-4c8e-a31c-13eb9113a193,inv_1383,3,p_100
1133,4ac5a049-526b-458b-a3a7-eafdf90af691,inv_1383,4,p_206
1134,b756a80b-623c-46e5-951c-7b6b3faeeacd,inv_1384,1,p_87
1135,7b0d6c09-870c-4620-9a47-a8dd58dae711,inv_1384,2,p_206
1136,ce97c810-5f50-4c9f-8def-79dd3503def4,inv_1385,4,p_19
1137,e9fef3df-b567-40ff-8005-585088b95d04,inv_1385,4,p_206
1138,c98f0bc4-179c-4310-b3ac-5096c2ba7436,inv_1386,2,p_220
1139,526a701a-d1a6-45e4-a388-c18376ae9d4a,inv_1386,2,p_14
1140,0bcb06f9-5e9e-412e-9cc7-1a8842c6ad62,inv_1386,2,p_219
1141,d8582a68-af97-4a1e-8468-cbd69e42fd47,inv_1386,2,p_210
1142,31c49d0c-e672-44fb-8bc5-5e1bad1738d8,inv_1387,2,p_210
1143,c81bae50-b08b-405b-8d16-e4f1962fa614,inv_1387,4,p_208
1144,db542c73-75b0-4ecc-b065-039db737c018,inv_1388,1,p_210
1145,b415f6da-7180-438d-a88a-640a25b4eeec,inv_1389,3,p_217
1146,d2c17cf5-c82e-4f86-9022-3bd82481c072,inv_1389,4,p_215
1147,a53b83f2-3739-411e-8a55-7f51942d3c74,inv_1390,2,p_211
1148,a111305a-2dd2-4028-bbb3-9b747461f9e1,inv_1391,4,p_217
1149,026a0692-ab79-4801-9ebf-70b37b1c9316,inv_1391,4,p_212
1150,29349c98-2346-4a65-a49d-5e279601eeef,inv_1391,4,p_217
1151,093d9c1f-24ee-4d4f-bda9-5f50b32fafcf,inv_1391,3,p_215
1152,1adb0b1e-baa8-4dad-b645-fb5874625fe9,inv_1392,2,p_48
1153,c7f75f94-53cc-4f72-80ff-4342809cd4f6,inv_1392,2,p_48
1154,0a3ab642-1c7a-4a52-bb50-69a59328550a,inv_1392,3,p_18
1155,b9b6dbd4-af95-425e-93af-a9f3040d0323,inv_1392,1,p_203
1156,b5b857fc-f20a-4ce6-a693-300b2f90af5e,inv_1393,4,p_87
1157,f851d8fa-44f7-4031-a081-07258cd9a28b,inv_1393,4,p_214
1158,75a021d2-8e7f-45cc-abd0-93db6c90aecf,inv_1393,1,p_28
1159,06709618-b4b6-4f19-acb2-d8e77a28e72a,inv_1393,3,p_203
1160,b38a92d0-c2d5-42fb-ac04-2261b198e73a,inv_1393,3,p_203
1161,d25e06fa-cab5-407e-8c7a-ece1c930e637,inv_1394,1,p_210
1162,7a11b06c-e76d-41c9-85b6-82d5ef2b5b8d,inv_1394,1,p_206
1163,56a3e72d-29c4-44ff-a84f-3a63653a1ac9,inv_1394,3,p_42
1164,daab3b4f-d590-4389-84e7-ac9b4aa10680,inv_1394,4,p_200
1165,5f9c49d8-42a4-4e3b-9994-f1cf5820a909,inv_1394,4,p_80
1166,a6f8227f-5f7d-44e9-8cd1-3b8b5ba950e6,inv_1395,3,p_62
1167,0657e91a-016b-46cb-9756-50326e8def7e,inv_1395,4,p_201
1168,42568019-729e-4bad-b801-dc1ff9e310d1,inv_1395,4,p_121
1169,23fad72f-7b39-418d-b131-69d730f69619,inv_1395,1,p_210
1170,ccf880e1-ba81-4a89-ba4b-b30db36cb4bc,inv_1396,3,p_224
1171,c7ba2c9d-8f1b-46db-b59b-53359d31a0dc,inv_1397,3,p_216
1172,39893a83-b962-4e4d-9630-20a7baf9611e,inv_1398,3,p_30
1173,c22e6759-a663-4a17-8a48-7bf94982cfcd,inv_1398,2,p_31
1174,83909598-7157-448a-9ead-6295536da768,inv_1398,3,p_33
1175,ea0fda5c-a35b-4ff1-91ed-23a68c4a7020,inv_1398,4,p_31
1176,1cef367a-6619-4450-b5ad-c66ee96f1e80,inv_1399,1,p_57
1177,30613f50-735e-4044-9262-db750501af57,inv_1399,4,p_218
1178,0763124e-25aa-4308-9e8f-9dc4fc44eeae,inv_1399,1,p_213
1179,670d33ea-608b-4468-8488-a595cca91d0f,inv_1400,4,p_221
1180,1e77f1bb-eda9-4ff2-8f63-700c66e08030,inv_1400,2,p_80
1181,308a80cb-7970-4563-9a2c-318d07ab4fdb,inv_1400,3,p_216
1182,204ce2fd-3caf-487b-8aae-c32ad9e6b1c4,inv_1401,2,p_79
1183,b7153dfb-d031-4d95-ba24-75f33ecf7b3f,inv_1401,3,p_220
1184,2f5e0785-c324-4fde-bf66-681cf419e5b1,inv_1401,1,p_110
1185,228f6506-b247-4ea4-afd8-0cb064aad63f,inv_1401,3,p_29
1186,cd983066-16e6-4a64-95d0-26b10304e355,inv_1401,3,p_33
1187,a9431ded-4591-4415-8e7d-88b6aa28f497,inv_1402,2,p_210
1188,a4ea0332-6c96-4f4d-ae17-dc50f4c2513e,inv_1402,3,p_83
1189,05a14e25-889e-42e1-92bf-c68383e755fc,inv_1403,1,p_79
1190,0e1b6b7b-54aa-4560-862c-2dde3bb435a8,inv_1403,3,p_208
1191,b8c511ad-0c9d-4e4d-a411-5e0825b1ee7e,inv_1403,3,p_80
1192,28d5904c-b902-4733-a1a0-308ae2b59049,inv_1403,2,p_30
1193,27b3e8fb-749a-414d-b04a-96e7f497216d,inv_1404,4,p_57
1194,ce460712-eeaa-452a-9a72-cfe581b67f8f,inv_1405,1,p_105
1195,3df36c2a-3f1e-47a0-8df9-14b1f01289fd,inv_1405,2,p_220
1196,3dcda56c-ee75-44db-9d31-23379fbbfeab,inv_1406,2,p_223
1197,5cd42c01-29e5-4b16-8cf6-e4eb5cbcdd99,inv_1406,3,p_105
1198,3a50f550-7319-42e5-a866-934917bbc179,inv_1406,3,p_211
1199,f5b30d9b-61e3-4fc6-8dc7-1393adecc2f9,inv_1406,1,p_8
1200,c5c95583-b008-4e28-bbae-7a534d4af8f1,inv_1407,4,p_87
1201,3a3e7a8b-5c21-47d2-8dc2-e511410ed9aa,inv_1408,2,p_204
1202,04218699-393c-41f9-8384-d520dd7be196,inv_1408,2,p_52
1203,4024570c-2ffe-482f-b4d3-f09e6b164c34,inv_1408,2,p_200
1204,8de13e6d-59d9-40f6-8746-3c77283d00ce,inv_1408,1,p_212
1205,f0c24081-ff64-46fa-b2b0-37b770a02356,inv_1409,4,p_80
1206,fdb12312-8b8a-4ecb-89f0-0df6e5abe466,inv_1410,4,p_79
1207,02f8f800-a4eb-4ad2-9062-51d5fcae1cf4,inv_1410,2,p_205
1208,6774b553-31e7-4d09-a25f-8464e4519953,inv_1410,1,p_213
1209,072bf628-bb0e-42e2-bfa1-50d8d6fdd0d1,inv_1410,1,p_55
1210,19738219-a3b8-467f-9c67-81fb6ca78931,inv_1411,1,p_214
1211,7794959f-8d96-4a44-9ada-61bb210eb990,inv_1411,2,p_203
1212,9d072de9-07f1-4a56-8adb-db3f94a373ac,inv_1411,4,p_48
1213,c99f631e-068a-49b3-9058-1c06596bf2d4,inv_1412,2,p_42
1214,c2f955be-2097-492f-9c11-76ca60665471,inv_1412,2,p_211
1215,23b6f33f-c6cf-44da-bbac-e70dde382c17,inv_1412,3,p_218
1216,29c597d0-35e4-4c55-a0a5-1a5dafaedb38,inv_1413,2,p_87
1217,e2f14674-a477-496b-a4dd-37805c2f5004,inv_1413,2,p_224
1218,8cb4665b-2caf-4f1d-8267-782cacd1313b,inv_1413,4,p_8
1219,12899b95-b4a1-4f9d-94da-9e23bd674ef4,inv_1414,2,p_29
1220,11fea29e-551e-4ba7-9c6f-bf2d694e3eef,inv_1414,4,p_214
1221,88c03a9b-ab2c-4820-973c-5b8e2fa8e8c8,inv_1414,4,p_62
1222,3e6629f7-25b7-4141-892d-bfbd0ff345ea,inv_1414,4,p_80
1223,d0fd2111-ab13-406a-95b2-bf02082fd566,inv_1414,4,p_214
1224,65e68ef4-c3ec-4f4f-817f-b8c4e856d361,inv_1415,1,p_30
1225,9bde04cb-a6f9-4c08-b8e8-55b4606bdeaf,inv_1415,1,p_99
1226,a41b427d-1cf1-498b-afc7-cbff11c0c9df,inv_1415,2,p_31
1227,c5eaca65-6274-4168-b544-0782a7524c51,inv_1415,1,p_208
1228,0ffa0cd8-fb21-451e-bf98-c9519f4e2e91,inv_1415,1,p_14
1229,c077a572-70cf-402c-8a70-3e91ce997269,inv_1416,2,p_99
1230,183af568-daea-4a1e-976b-0ec0d89a539c,inv_1416,4,p_224
1231,eb7974bb-c0c2-4cb1-9095-ac128f9a2877,inv_1416,1,p_210
1232,b9ac068f-0faf-4c3c-a6bd-47e6bafd2a06,inv_1416,3,p_8
1233,c5d8a5ab-dc95-4f93-a66d-0081c5a0614a,inv_1417,2,p_209
1234,706761a4-121f-471e-bee8-f766c8a42cfc,inv_1417,4,p_218
1235,4195a952-8cd2-4319-839d-98d634d47aea,inv_1417,3,p_206
1236,dd600a68-9bc9-432c-9181-ea8474ffd634,inv_1418,4,p_203
1237,e1ba684d-027a-4156-92e2-613c129c7741,inv_1418,4,p_31
1238,fe87d9e7-7452-4a59-b027-20e816f38dab,inv_1418,4,p_201
1239,8fea81fe-4bba-48bc-bbed-db9ba2f98bba,inv_1418,4,p_55
1240,262ef6de-82eb-44d3-b37d-1d4ed24cec99,inv_1418,3,p_18
1241,55adac6d-72aa-4be8-aa89-bb19f2ab7a9e,inv_1419,4,p_33
1242,e76ec2dd-10cd-4999-984d-acdd0f0894d2,inv_1419,1,p_221
1243,74656da2-e0fb-45f3-93c5-c9288c4f0048,inv_1419,3,p_214
1244,b41b97cf-7004-43c9-94a4-1a8132794b72,inv_1419,1,p_52
1245,f954e77a-6560-458f-951a-34563402556c,inv_1420,4,p_201
1246,244c062e-44d4-4ead-8ee6-90fb9dfa77df,inv_1420,4,p_203
1247,42a62fbe-7e3a-46a3-9640-fb7f3756cac9,inv_1420,4,p_52
1248,450aeeca-20ba-48b6-9a9b-36db07f5b661,inv_1421,2,p_57
1249,26960d2f-7514-4b65-9ce3-825c400de619,inv_1422,1,p_208
1250,4eae77ee-f8c2-4800-9f18-a22cf26e3f40,inv_1422,2,p_207
1251,fca2d4bb-35e8-4cdc-a179-88738f91c7ce,inv_1422,3,p_28
1252,40687e3c-7d7f-4d7d-b07d-69f10cb92c37,inv_1422,2,p_28
1253,3f2d48b8-e54d-4d59-bacb-2b3080733544,inv_1422,4,p_224
1254,0eacbe34-db84-468a-9500-da0eec065528,inv_1423,3,p_207
1255,7188d6a4-95c5-4081-a640-83b92271a728,inv_1423,1,p_220
1256,c1bf06b7-2c61-4686-b209-13fb4319d920,inv_1423,1,p_38
1257,a94f11e8-8635-4c27-9d03-a9d7879f977d,inv_1423,3,p_222
1258,8e20ada7-8278-4ed8-be8b-0b2614a21fb0,inv_1424,4,p_204
1259,626c1163-3b98-4c4f-8720-71e9a384397e,inv_1425,4,p_83
1260,237283f2-0934-49ca-96f1-7714258a8edc,inv_1426,2,p_224
1261,f04193e6-421d-4ba9-b932-960134134ef9,inv_1426,4,p_224
1262,70718e96-0fb5-4e92-b065-85a2c6b955e6,inv_1426,2,p_217
1263,6f690620-00d8-4dbd-8c27-e3f40613c4c8,inv_1426,4,p_200
1264,3735bbab-0e80-49fc-bdb1-1ed3e4db6253,inv_1426,2,p_18
1265,1d6b65d9-0e34-440b-8387-3f74a048c61f,inv_1427,4,p_48
1266,7c8d55c5-8644-447c-892e-a77c2b91ac5c,inv_1428,1,p_19
1267,a9e9587b-1b33-4a7f-a5f6-d4eeba440aac,inv_1428,4,p_121
1268,6a798c51-2c3f-4f27-817a-b54031795a46,inv_1428,2,p_223
1269,9a01a976-68ec-425a-b253-fe60d67a648a,inv_1428,3,p_204
1270,40c60901-dec4-4d30-a7e1-75cf15c695b6,inv_1429,2,p_206
1271,8c2166b9-4c43-40ab-9d41-1374c3dc58ae,inv_1429,4,p_8
1272,9a21bf06-52de-4e1e-9c0d-71315f4d08d9,inv_1429,2,p_38
1273,bdabaf80-a998-4f14-bd88-d6f436888d54,inv_1429,1,p_204
1274,23e51c2d-788d-4dc8-9bde-80f590412918,inv_1430,3,p_218
1275,8221fbc0-dced-40ba-8bd1-165eca41458e,inv_1430,4,p_55
1276,f4a47f59-510c-4e1a-9263-b927bd98ceb6,inv_1430,3,p_222
1277,db8be310-8a9a-47e4-8cf2-f8b8a2b5f617,inv_1430,2,p_217
1278,e2eb4cd6-374d-4746-9b8d-70030b772caf,inv_1430,2,p_220
1279,9f809a47-f01f-4df5-af5f-ed047784786b,inv_1431,1,p_219
1280,0b341aee-d3d1-4ee1-9862-2ad5da6254ea,inv_1431,1,p_14
1281,4ecadf46-f688-4af5-8c30-2308cb9cdeef,inv_1432,2,p_214
1282,bfdfac5e-1556-4594-8a62-5478e817df2d,inv_1432,4,p_212
1283,3b69b584-0acd-4b79-951f-456cee78682b,inv_1432,3,p_216
1284,027cf250-094f-4dd8-9afa-517fde855c36,inv_1433,1,p_110
1285,b9916d38-3968-44f4-aed7-8c8e0ee37217,inv_1433,4,p_121
1286,23b7b2d5-7e3b-4183-91d1-3cd2d75c492f,inv_1434,1,p_208
1287,5caf0f79-872e-4f1f-840b-b6c46238c66f,inv_1434,3,p_224
1288,ff82e1cd-8a34-4b58-856e-12dd2784f9b8,inv_1435,1,p_221
1289,b0d96119-402c-4c97-a014-91dc78f23126,inv_1435,3,p_210
1290,b9ec8e9a-d074-4831-a308-a7f6c0a5b080,inv_1436,4,p_28
1291,e906fd59-f0b5-434a-bbfb-a947eadd9f02,inv_1436,1,p_57
1292,3f2bc928-1573-4e41-9580-fa108f728aec,inv_1436,1,p_19
1293,3c6ff60f-ab30-4298-ae00-a6db39756bf6,inv_1437,4,p_202
1294,75cc59e7-edc9-496f-a12d-68f69cd17d9c,inv_1437,4,p_222
1295,f6db1a3a-1ba1-4438-8c57-31f29398b9fb,inv_1437,2,p_31
1296,05615ac2-a85e-426a-919d-07209ca40a32,inv_1437,4,p_204
1297,8ac3e557-fed1-42aa-8278-eee6a4e4235c,inv_1437,2,p_212
1298,46647d24-8073-4723-a4fa-7ea27edf4774,inv_1438,1,p_214
1299,1efcaba5-0f35-4aad-9825-ca5649d8a40a,inv_1438,1,p_214
1300,e676f2df-27f6-4808-9b81-df4e744fe2a2,inv_1438,3,p_87
1301,733e8091-19ea-4155-8a4b-daac15a9bd1f,inv_1438,3,p_208
1302,e266123e-e7e1-493b-a5ff-245b6539d6b3,inv_1438,1,p_209
1303,304470f8-8894-480a-83d2-f39d65f30080,inv_1439,3,p_110
1304,d7eddb4b-3229-4a1f-b4b0-474c2407e9f0,inv_1439,2,p_223
1305,45e61ae8-afa3-46aa-9463-5824e95af26a,inv_1439,3,p_19
1306,9db7bf23-05f2-4bba-994a-08eabb9fe104,inv_1440,2,p_80
1307,9c39258e-b3aa-451c-b739-c712d1cfdd29,inv_1441,1,p_202
1308,3ac950f5-bc51-42da-8008-df1e6419a411,inv_1441,3,p_52
1309,56fcc847-0af7-4922-a0c9-24211893d761,inv_1441,2,p_55
1310,1a529229-9ef5-4c39-a10a-328551c32e70,inv_1441,4,p_100
1311,5159530f-6c76-4af5-923d-b65da293b4b4,inv_1442,4,p_205
1312,694b2fbe-0d23-4207-ac62-745eb9a8cf14,inv_1442,4,p_211
1313,26dd0b62-a52c-4f1d-a9fd-ab5af8c201ba,inv_1443,2,p_213
1314,f7232b86-c8f8-480e-af6f-7580fee741ca,inv_1443,4,p_215
1315,1c8165d2-aa9a-4b25-bcd3-ea49ab95eeb9,inv_1443,4,p_207
1316,5b398f25-8aa6-4ee7-a90e-4e49244bc6fe,inv_1444,4,p_29
1317,daa8f853-b060-4479-b26b-defb780d9e97,inv_1444,4,p_213
1318,730a04f5-e124-47a9-bbd1-942caadfdeab,inv_1444,3,p_31
1319,15d176fe-37db-4e6c-81e3-271f2b7ef745,inv_1444,1,p_30
1320,5c4255b3-dae1-44a5-9871-f33d66411319,inv_1444,2,p_18
1321,d7463ee5-77ce-4545-b290-9f61f1c6a55a,inv_1445,4,p_31
1322,f74d8026-a60b-440a-805b-6870f1054fa0,inv_1445,2,p_83
1323,70c72c75-5c85-48a0-8be8-4a4c30999de0,inv_1445,1,p_33
1324,c2ad8fe8-3cee-45c0-bc7f-398ca7eb22f7,inv_1445,4,p_62
1325,9bcf4e86-3ceb-4857-b93d-5ca8795dc3c4,inv_1445,2,p_209
1326,db82067d-4e93-4836-b7c0-f658c90c78f4,inv_1446,2,p_205
1327,b31003d5-27ec-40fa-9682-a18ac5c2b7af,inv_1447,4,p_29
1328,6d152baa-08ab-484b-a195-8ebc7e7f7de8,inv_1448,4,p_42
1329,524c4262-13b5-4167-b4d0-5fd3b4db06a4,inv_1448,3,p_33
1330,16db48ed-8f74-44c8-9752-190a3025ae60,inv_1448,3,p_221
1331,e4cb37b4-83da-4d97-985b-079975afb634,inv_1448,2,p_223
1332,d9d5a735-58d9-48cb-9286-d473a3884f9e,inv_1449,1,p_221
1333,19f729a2-5866-43ab-b63f-b516a0cae6f3,inv_1449,1,p_57
1334,cee279a1-a290-4fe8-ac45-20fa08dd726c,inv_1449,4,p_218
1335,211571ce-6e2a-495a-8fc7-ce998eb49387,inv_1449,4,p_222
1336,d4bc6bf8-9916-4014-87e7-4dffc1fdeca1,inv_1449,2,p_200
1337,f2aff915-faae-4c4c-b6a3-4877e225cca8,inv_1450,1,p_99
1338,6f013d58-71df-4129-b2fd-77b10773944c,inv_1450,2,p_52
1339,49a9b508-51ff-4914-b21a-95a4589a8641,inv_1450,4,p_223
1340,9a96c919-6d36-4204-ac5f-6004315f3f65,inv_1451,1,p_211
1341,8e7ae4c3-a29b-4e5f-bcfe-ae65d0f6de99,inv_1451,1,p_38
1342,e2519d6e-6915-4d3a-9938-678b019880a3,inv_1451,4,p_211
1343,23e5efbb-f2d9-4fb6-9336-5931aacf7047,inv_1452,2,p_28
1344,c087c792-f2a5-4e47-90f0-4d172340ff89,inv_1452,4,p_223
1345,c2fe1af0-083c-45bb-b65f-b61acdb67104,inv_1452,2,p_52
1346,e472e232-5540-4335-aea4-f8c0041a9c52,inv_1452,1,p_55
1347,0e498d14-9103-44af-9eae-bec008331626,inv_1452,2,p_38
1348,8c0ad93a-c1ea-4f43-a6ed-4d110abdec2f,inv_1453,4,p_83
1349,8028ffa3-a7f6-41e5-8b2a-eac3061f4a3d,inv_1454,4,p_217
1350,1a5a8fd9-6804-4992-96bc-dc6cbce404c4,inv_1454,2,p_28
1351,f1e2677e-3c79-48ee-bb43-2f60c603389b,inv_1454,1,p_201
1352,fa019cef-a855-4be6-bb48-4e259078ed44,inv_1454,4,p_14
1353,7300989b-0ce5-4378-b5fb-bdfc61c5fb62,inv_1455,2,p_219
1354,e732b746-ba16-47f4-b0c6-6ea927083023,inv_1455,4,p_48
1355,b01efcd7-99b9-4b85-8909-dba334302cd9,inv_1455,2,p_217
1356,467b050f-92e0-47c3-bf2d-5d954f86a1a5,inv_1455,2,p_31
1357,3ccde647-aca9-4318-ba94-7f617983b3e6,inv_1456,2,p_222
1358,e360c616-6052-4f62-8639-48442ecdd96d,inv_1457,2,p_57
1359,ebdbc41a-c596-48fa-9da4-c8d73d24864a,inv_1458,3,p_79
1360,12c2b7f2-bfec-4d4e-9547-3b9557f6762f,inv_1459,2,p_219
1361,47224461-89d3-491e-91f7-b3a00ea3951e,inv_1459,4,p_83
1362,c962d5ff-5a22-4873-8de4-5ed71a15e320,inv_1459,1,p_29
1363,d73758e5-3b53-40da-a275-228fee29bb53,inv_1459,3,p_206
1364,2ba0b922-4c9e-4e73-bed9-28c8e9644255,inv_1460,3,p_201
1365,1830a746-34ae-4d16-b107-1aa89d58dc6c,inv_1460,4,p_204
1366,2fdfa99a-b6eb-4345-9bb8-446b3a9354ac,inv_1460,4,p_221
1367,bbb83dad-df7f-47bd-b32b-a79f3dfe181d,inv_1461,2,p_18
1368,31f6e521-13a6-43a0-a57b-42658bfcc653,inv_1462,4,p_215
1369,b5fb989f-4d4c-48cb-99d1-9662d8f72a58,inv_1462,4,p_55
1370,09957875-d767-4082-af3b-a20f45efbbaf,inv_1462,2,p_206
1371,0421b8e3-371a-4ccf-8963-611825673d1f,inv_1463,2,p_19
1372,f10df81d-a727-4aa4-84b3-bdbd9dce077e,inv_1463,3,p_121
1373,1e6b0a3e-36cd-4d23-a227-d65e06ec7be5,inv_1463,3,p_222
1374,bcfa7d5e-ffbb-41e7-bc8a-d448b745f5cb,inv_1463,3,p_31
1375,fadc3d33-8f60-4b4a-bb8b-1ace3399f566,inv_1463,3,p_100
1376,1151b59f-4139-4b11-9bbf-bb7feda2846c,inv_1464,2,p_83
1377,870de049-c67c-4aec-bd56-a22bc75852c7,inv_1464,3,p_210
1378,e943414f-d10b-44d3-b25b-9bc5e454fb58,inv_1464,4,p_8
1379,6af534b5-b95c-4bfd-a47f-80b79b5e53d6,inv_1465,1,p_100
1380,d67057f2-19bd-4330-bb65-38afd21f7b2a,inv_1466,2,p_206
1381,fe4a9abb-b5df-4f0d-9c50-7f660401a3a0,inv_1466,2,p_55
1382,3fe7bf3f-e13f-4bc3-9fb3-1a104fc8ebdb,inv_1467,1,p_219
1383,733fcd7a-d22c-4671-9249-caeba2fe44ce,inv_1467,2,p_79
1384,9d12f47c-76bc-4081-bfcc-db11b9835ea6,inv_1468,3,p_207
1385,81e0a967-711c-45f9-93d1-ef1e4424143a,inv_1468,2,p_211
1386,b81a1d0c-2a11-42e6-9e72-74472b633315,inv_1468,4,p_211
1387,8cd50b46-efc3-4ca4-818b-85929a906e2e,inv_1468,1,p_212
1388,f0c6be1a-854b-474f-bd0d-9393a77a496f,inv_1469,2,p_203
1389,44706e99-fe30-40bf-84b3-d869ab3cba0e,inv_1470,3,p_224
1390,5f9cd4f0-ad5f-4179-aef2-d31842559970,inv_1470,3,p_28
1391,ca561d62-b18f-4548-856b-6b5885ca1620,inv_1470,4,p_30
1392,15b0eb63-3a3d-4066-aec5-08b62fa5ff1d,inv_1470,3,p_216
1393,0267345c-7def-4cc2-a2b3-4d7f7a4a531a,inv_1471,2,p_205
1394,6edf95ba-826c-418b-a12e-0c936d65ed63,inv_1471,3,p_62
1395,d2319717-2f27-451c-971b-fd70d7ba77bd,inv_1471,3,p_79
1396,ec180343-bb60-4120-b370-5349db3242ff,inv_1472,4,p_204
1397,a96270eb-e202-4f02-99e1-295366b199e7,inv_1473,1,p_99
1398,77918930-1bed-4bd5-9d4f-af4150ec24e0,inv_1473,3,p_110
1399,e3425ef6-65a3-4054-8ad5-3ca3dbf4c637,inv_1473,4,p_19
1400,81df8431-b988-420e-bebf-c7ca467db123,inv_1473,1,p_121
1401,b68289f7-63f3-4bf9-84f7-97e2be2b405a,inv_1474,4,p_14
1402,f1392760-eba1-48dc-8f72-61757c30652f,inv_1474,2,p_223
1403,85cdac68-9e95-4c32-97f7-a87e359aef34,inv_1474,4,p_224
1404,3122e27f-23d5-431b-9a5d-c20e9b65167d,inv_1474,3,p_204
1405,d9b375df-5360-4106-9445-87e69d859f79,inv_1474,4,p_206
1406,774ce89c-2e0f-48aa-84a4-6ce9233ed4e0,inv_1475,4,p_48
1407,ebfb7913-d646-4ee6-a91b-c7e0526b2ad3,inv_1476,3,p_28
1408,f66007b0-a171-4d5d-b2e7-79767053f1ec,inv_1476,3,p_42
1409,4d9a6932-e595-4a33-811a-80f317f5d117,inv_1476,4,p_202
1410,8b72a060-f59c-4596-bfa0-f13007769b69,inv_1477,4,p_83
1411,b17be260-b977-4251-9e0d-cf33123c5dd4,inv_1477,2,p_30
1412,9d531823-3398-4abf-b3b0-039771c5bf5f,inv_1477,2,p_201
1413,635b1e01-818d-4fa5-a345-db4477760764,inv_1477,1,p_38
1414,2704bc9e-72c7-43ed-b9d1-90f4ecfa7a3a,inv_1478,2,p_57
1415,4625c994-5a90-4e2e-ab82-bea651624512,inv_1478,3,p_221
1416,578ea1bc-b587-4db9-8a3d-600f9d529d9f,inv_1479,1,p_211
1417,335bbf8a-1014-4b33-bf00-1d80fe25a372,inv_1479,4,p_19
1418,ee36f464-d19f-4e61-82e8-e5a91a864e2f,inv_1479,4,p_203
1419,0fd2c7e0-29ee-4111-a26b-9bf1cd9bb68d,inv_1480,3,p_222
1420,8818dd53-17f2-46db-bf9a-8ede49dc0ae3,inv_1480,2,p_19
1421,78045084-cc0f-40ae-bc44-999004d878ac,inv_1480,2,p_100
1422,9821ab91-7e6e-4a8a-bd58-aa9b00464ade,inv_1480,3,p_42
1423,8e925603-9136-4c71-9939-37ca2ab6eed4,inv_1480,4,p_33
1424,f5229f27-40ef-446f-b1fa-169f8798e140,inv_1481,2,p_100
1425,65a8c5ab-8fb4-4855-a5ea-9d71503a89a2,inv_1481,4,p_79
1426,3b499cbb-1ca2-4c68-b5f5-5be1ae63488d,inv_1481,1,p_18
1427,b54e86b8-5e6a-4496-b2cb-93ef5ba009c5,inv_1481,1,p_29
1428,84a3aea8-c46c-41c7-8c6d-1d6ef5f450ca,inv_1482,3,p_110
1429,ea049879-b919-42f4-b933-9bdad6db9ae2,inv_1482,3,p_220
1430,c889df84-7de4-4fa3-9fce-a84c334b704a,inv_1482,4,p_87
1431,eda78fc9-dd70-4b08-98c0-3132071ddf1e,inv_1483,2,p_31
1432,868194e8-830e-4af1-8ba6-60d1d6eb9320,inv_1483,1,p_52
1433,c48a5dc2-ed92-471d-b9e9-9554ae9a5b50,inv_1484,4,p_207
1434,a683d27d-3b17-4544-a9e9-f75b17451a8c,inv_1484,4,p_212
1435,2d1ba5f8-e2d8-4a4e-a275-69fb6bd46c8c,inv_1484,1,p_210
1436,4d4ede1f-92be-4921-b883-60c172ca8504,inv_1485,1,p_30
1437,ec8326b0-892c-4072-8512-937f58585544,inv_1485,2,p_42
1438,c285d7c7-d827-4069-8ace-bc2b6866ca58,inv_1485,3,p_202
1439,c6dfbef7-02ca-42fa-98ce-6b32b3dc2a7b,inv_1486,2,p_52
1440,3df19d98-c0c6-4a86-9ea7-d7f2a17fb4fd,inv_1487,3,p_213
1441,fd775c03-0695-4b46-86d0-5fd9f0b36c48,inv_1487,4,p_28
1442,5a4a8f16-c2fd-49ac-9731-7cf12488c8f2,inv_1487,3,p_83
1443,659c2891-ebe7-4357-9c2c-a02856a171fe,inv_1487,3,p_99
1444,9469f0bb-be72-4968-9fee-73e0cbf4699d,inv_1488,4,p_29
1445,18ca2d8c-ac0e-4ea7-97ec-ca3144c8d4b5,inv_1489,4,p_216
1446,a064cd59-9a9e-4d51-af6d-72ad78607e7c,inv_1489,3,p_223
1447,a75c70ea-0dcd-40d1-b0ba-4c595dd5cb25,inv_1489,1,p_57
1448,8c66f3e6-ef49-45a9-b903-39b55c6aaccc,inv_1490,4,p_80
1449,df4ed540-6bea-4fc7-9174-6b2755501845,inv_1491,3,p_223
1450,cfd11136-ba46-48f4-87e9-fe38092bcc1d,inv_1491,1,p_220
1451,1c46ec98-a245-4985-ac77-edbf984520e0,inv_1491,2,p_83
1452,e35466cf-d7ba-4c74-a6a2-89a1bd9af2f1,inv_1491,4,p_52
1453,f92202cb-1cc3-4c59-9aa4-2e6bbba73213,inv_1491,3,p_62
1454,317aee82-66ed-4371-8b9d-3407b161d82d,inv_1492,2,p_208
1455,58c0bdc3-f46c-4103-bcca-ade7e00ccd3f,inv_1492,3,p_79
1456,f44624a1-ff43-4f62-b73e-4e0c6fd995e3,inv_1492,3,p_42
1457,aafe7319-842c-4fb4-acef-aa96afdfd553,inv_1492,4,p_79
1458,f3f8f784-34de-417f-82a4-df64e8aff691,inv_1493,1,p_80
1459,7d497131-65d3-4ea7-8b11-687f9ed6998a,inv_1494,3,p_214
1460,3cd3ddf6-2869-4f93-a84d-570e28f6520e,inv_1494,1,p_80
1461,5b45e4f5-a90d-431b-99e5-0689465f0b49,inv_1495,2,p_218
1462,c1fba17a-bd7f-4e72-adb7-3c2729bef1b3,inv_1496,2,p_219
1463,f5f62ab0-7448-4c47-90b3-748ca3dfd182,inv_1496,4,p_224
1464,cb9b1105-50ca-4cc0-8633-99c0ff041f48,inv_1497,1,p_210
1465,0f718320-3821-47f0-ba76-1620dbd99ab1,inv_1497,4,p_28
1466,d2731887-4053-41e2-987e-325f871d4231,inv_1498,3,p_200
1467,6e1617e9-7d7b-4cc4-a5ff-eaf3ef0caed5,inv_1499,1,p_30
1468,a756075c-d0f1-4c94-847f-c7e86e9a0969,inv_1499,4,p_83
1469,153f039a-e055-4fad-ad99-fdfb175f350c,inv_1499,3,p_202
1470,584560e9-63d6-460d-a9ae-cab6f92a9006,inv_1499,2,p_48
1471,2f65f464-f211-470e-988c-2cf2b37ed0f3,inv_1499,3,p_62
1472,6c3bbf2d-e306-46b2-b7f8-ce34ce6523dc,inv_1500,3,p_202
1473,7afdc657-e22d-483c-939c-7aba58dc918b,inv_1500,1,p_18
1474,2765e621-a99d-47d5-9a71-77e7497c151c,inv_1500,1,p_110
1475,4360a6d1-4d32-4b8b-89c8-4763f8cf924f,inv_110,5,p_81
1476,12c5ee4d-789b-48eb-a4f3-a14a41c32a01,inv_168,5,p_34
1477,ca849721-1671-46d0-b622-8ed840ae70e6,inv_217,5,p_61
1478,54d568b8-e7da-4380-aa98-28004707098e,inv_303,1,p_100
1479,09b5799c-6af2-4401-bfc4-877846e7d2c1,inv_323,3,p_64
1480,f859e605-a60b-4d6c-bcc5-9fcf80489ef6,inv_531,3,p_75
1481,fedcc080-aa2e-4705-80fb-a4386b0995b9,inv_565,2,p_76
1482,e5a56697-1df8-4576-8ac3-8274ff793677,inv_963,3,p_73
