,invoice_id,customer
0,inv_0,b21876a1-d6fa-44c8-9d0b-e04116da3972
1,inv_1,fab53a9a-9dc6-4dee-8f17-7248d2675b55
2,inv_2,74042330-e27b-4727-9571-3a83c4f771d7
3,inv_3,ae945600-9499-42b8-b1c2-360771a10d82
4,inv_4,af8dea72-f00d-4ccf-9c1a-0cabf932b1d8
5,inv_5,576f3faa-c0c5-40d9-9889-51514ee31922
6,inv_6,977696c3-f517-468a-a7db-a8fe840abf12
7,inv_7,4c539276-753a-44a4-be0e-a27327bf3ccc
8,inv_8,c4d4655a-b316-4b61-9d9c-025f7b16b64f
9,inv_9,975d9f79-4527-4de1-8b32-7334a9cf11b5
10,inv_10,d2136666-3263-4d93-843d-7a497d9ba335
11,inv_11,ae31e807-e4a9-48d4-8bf9-7dbe3bb74d43
12,inv_12,8bb93b5d-8e4e-4720-84ae-44f15871b133
13,inv_13,aa9bc209-a807-490e-b1e2-44a692763809
14,inv_14,c96fa998-96ac-4aad-9615-146c1ba9d515
15,inv_15,fd22b5c1-1898-46f1-a039-67ff2354edde
16,inv_16,48461e38-1337-4640-8bb3-78b30a74cc7c
17,inv_17,404aa377-c569-4731-83b3-6b65ced47ac9
18,inv_18,55d5d5d8-42db-4388-9a99-7cc3d4b177e5
19,inv_19,20567a82-dd80-4d29-922e-d1f9ee81cd94
20,inv_20,79d7a36a-2695-41a4-b98e-a0437325be3a
21,inv_21,27f655c1-2096-423d-8dde-6a93b5d282b1
22,inv_22,d2bdc84c-4ad0-41c4-877c-ac3b093dc473
23,inv_23,3d3e5641-1238-4f99-a5d5-92321a46e2a5
24,inv_24,04c9892c-3d46-4e96-8b3d-2e60801d1555
25,inv_25,70e26bb5-6087-423b-a38f-7d2b2995adb4
26,inv_26,9d752911-7b09-40ea-93ca-5631a8a16cc5
27,inv_27,86f35377-152d-47f0-ad5d-164185ac7876
28,inv_28,c7acf01c-b65d-49df-9f77-fb7a9a223251
29,inv_29,c0315f5f-0619-4340-b690-79685db44d98
30,inv_30,27805970-4e73-4077-8e6a-6111369d7eca
31,inv_31,669b8c2b-60c2-460b-96c2-7d56def2b809
32,inv_32,518bb19e-22af-41a2-baf3-0db927d88d03
33,inv_33,04c0b15e-4602-4496-b9c8-3203a8856cec
34,inv_34,b950dc94-8903-4800-a991-ee786bd727d1
35,inv_35,9d557169-4dce-4a62-9b24-73eb855514b5
36,inv_36,6cec8403-466d-4ab9-9462-521c9002d3a4
37,inv_37,ad437bd9-451f-4c4f-ad1d-93780d7e7ab6
38,inv_38,bc72e8e6-ae71-480d-a49f-6a730c0353c3
39,inv_39,ba70eadc-ae75-4d9b-bb34-595ba182d662
40,inv_40,f81567f1-adbf-4d39-a871-bc86519a545a
41,inv_41,c7806c8d-4a16-4276-9803-5dd9301df19d
42,inv_42,2d747a76-63a7-4da7-a2cd-ad2f158f6e51
43,inv_43,ba7b9386-654e-4289-98e1-e1b0889d2089
44,inv_44,c97c0f70-93d6-442a-a4e9-230aa13d9ce5
45,inv_45,3bc9d7db-5e37-4351-8b9f-745c4e8cfaf9
46,inv_46,f8ffe967-7a3f-4588-a6b3-680b75773c07
47,inv_47,0eee3122-25ab-4e10-867a-95b826969b7c
48,inv_48,7c2184af-4ce7-49df-8691-e49b5dc6c558
49,inv_49,9c86370f-6f9f-4099-82cd-ec18ce66a0bb
50,inv_50,87b3ca3c-8aa3-498b-81a8-1e8a2a5bb79e
51,inv_51,de9de3f1-2c25-44b5-9b53-6817a34ca1cf
52,inv_52,dcd71bae-e6c2-4f83-bb54-0800c169f971
53,inv_53,e77ae991-0168-4d6d-973b-266a296c3ee4
54,inv_54,3066bc14-3900-488e-bff7-bdbfa1c27b69
55,inv_55,3cbc7e14-3465-4da3-b2d0-a7b9326386fd
56,inv_56,c610a8ed-eadb-49ea-8578-dcc2119e84a4
57,inv_57,dd73d5a5-64be-407b-84e9-2beb3b1bf3ca
58,inv_58,460923df-bddc-4e73-bb35-91724095bc3f
59,inv_59,8064c3a9-cb3c-4c89-b52c-4a3eb658768e
60,inv_60,83eed83d-724b-4272-af8e-c52f5d830f48
61,inv_61,b2700f17-96a0-454f-8177-9fb09e51feb5
62,inv_62,6dc22057-b0e3-458c-975d-054abf5c4f71
63,inv_63,892017d5-07fe-4480-aacb-722f7fee5747
64,inv_64,28e660ae-3619-45f5-bf1f-753710767ec5
65,inv_65,6f2541c7-c052-421a-8194-f77e39ea02ab
66,inv_66,18f1856a-98c4-44e9-b098-d4b72844dfba
67,inv_67,dd8fd426-e3b8-424a-98de-398da9e71821
68,inv_68,e72e778a-36b1-476b-abc2-a3403ec16616
69,inv_69,59626c65-9c43-4b58-ac24-6a21f355cac1
70,inv_70,8db4e076-160d-4d32-b95d-459233baff47
71,inv_71,edea0209-a4e2-4a4f-86bf-1065a601fb57
72,inv_72,f4d5d3f1-538d-46c8-aac7-90b27ad14fc6
73,inv_73,049f426b-9d6d-45a9-832c-75abd8031f7d
74,inv_74,536c0766-9d38-4a50-85b7-97f63b319e07
75,inv_75,ce4493e2-be80-4369-a9dc-0ad50e14ff5d
76,inv_76,6c669f57-d14a-47f2-bdbb-6bd9d907a396
77,inv_77,f81320ca-963b-4dfd-824f-c5aae6c59d4f
78,inv_78,da25e517-e9c5-4335-b529-74854867cd5b
79,inv_79,64628d99-9b6e-4d8a-a5e7-4b8a7fcf7e91
80,inv_80,719bf4af-25f4-481e-82cd-1e179b51c1fd
81,inv_81,a0e21f17-9786-4b30-85b0-4dcb601ebf3e
82,inv_82,0ab25bca-014e-4fa0-8ab1-434401cd0be0
83,inv_83,dad12c1e-1eff-4a94-a9ed-0d55462b0b95
84,inv_84,07f09521-bfe5-480e-b4f7-41abd8219a55
85,inv_85,8f9d3151-28d5-43bd-a91b-b35833cb25ff
86,inv_86,b2ee0813-81ad-41c4-b305-d2a823140917
87,inv_87,536662b1-ce66-4d9e-89aa-644bd6e930c8
88,inv_88,a7b68cf9-231e-44b4-833c-7671f86e192f
89,inv_89,625a7ce5-8a62-4485-92de-ee731525e8d4
90,inv_90,040dbbd9-3323-47c7-97d9-68f806a96058
91,inv_91,28c2e48e-ad06-4696-af9a-be79cf7b0e68
92,inv_92,7fe6101f-a6d7-42a6-9615-53bc4178a409
93,inv_93,4fbc8158-6455-4947-b3ef-f0c0fff5a751
94,inv_94,d18eb354-6c4b-4caf-b6cb-fa4aaff0c17d
95,inv_95,8bb6b94b-c421-4949-9775-fd0a8d926a97
96,inv_96,c0fc5c44-1d63-4108-b268-2b6c89c959d4
97,inv_97,40794408-6202-45e9-98b5-13540b23808a
98,inv_98,cdd21016-fea3-434e-bb90-c5042b2ad3fe
99,inv_99,0fa101cd-fccc-4f16-9df4-50848465c49e
100,inv_100,905d77d8-dfb4-4d8f-9836-4aa2918bf61a
101,inv_101,7e2653a2-7fef-4e7e-9600-d65c7f7ea9c2
102,inv_102,7f26e87c-cf96-44a4-85b4-33264c1d1dbe
103,inv_103,db90028f-10c5-4d6c-8a04-3a686d2556c3
104,inv_104,c94691f1-d0e6-4866-8bea-e0bad3a09e0d
105,inv_105,f704e8e2-062f-4d3e-8045-366534872cc7
106,inv_106,c2c3bce2-4b9b-45b2-b3ba-5f7c1b6f3c7b
107,inv_107,83950d8f-6f14-4ce2-b6dc-8eae43c8733e
108,inv_108,6364d36f-d25f-4b8d-b20a-3048c13fc7f4
109,inv_109,8973f731-d8a9-467f-8956-ea3a938a9b97
110,inv_110,dbeb2e56-4598-4d61-9a2d-d279651f5dfb
111,inv_111,aa8c628d-84a6-45e5-b6d8-2a6315a5c418
112,inv_112,6a211987-bee4-4d2c-bff7-de9872bfc180
113,inv_113,92505d70-c422-47f1-83e6-6d1878fd192b
114,inv_114,f23032dc-e770-4c0b-99ba-26afb07c7310
115,inv_115,c0c43fe6-de61-4d37-9e1d-25216bbf8d52
116,inv_116,f6fba3d4-d1c8-4eea-94fd-cd6f340e539b
117,inv_117,765db254-d0f2-4931-899c-f834cae0f689
118,inv_118,5d04b66a-97e4-4157-83e1-511bb50439c0
119,inv_119,7dae90eb-ccae-4fdc-9572-ce64dac6ccfd
120,inv_120,7b102a0a-cacb-4479-8f06-1993f661ff3a
121,inv_121,6acbc1c0-82b2-41dd-9458-1c75491447b9
122,inv_122,6dbc42bd-ed45-41ab-9607-78a8092877ca
123,inv_123,57f875a3-c34f-439f-a2af-2fc2d8cb3911
124,inv_124,af37c600-44ca-4aa6-86e0-4a82bc82c61d
125,inv_125,95f65b02-66e3-4c30-a4ef-aa35610eb9eb
126,inv_126,e3d9f064-af7b-4284-b183-29a6ad2f228e
127,inv_127,e4fb4b78-3bad-4223-80dc-49fefd13523a
128,inv_128,f01ecf25-1901-452a-a947-6bfa509ab49b
129,inv_129,6fe57702-b18a-4210-bac7-7173d610ee70
130,inv_130,38a39a80-1d59-4380-9343-3e8ede259eac
131,inv_131,9f7748b2-d960-4616-9b5c-444f116ff9da
132,inv_132,b1dd1406-9b80-4b92-a881-1fca2f7d04f1
133,inv_133,fd8be4f1-0cba-403c-b0f3-a8315c014e11
134,inv_134,aa402ff2-56ac-43ea-9833-ca5e49dd5155
135,inv_135,a76c9815-6cbc-48af-b7e3-0044657ffd51
136,inv_136,c5b36b8b-22f1-4257-a0d0-4f505801b93d
137,inv_137,479aa162-3f79-495f-ba43-cee139642cc3
138,inv_138,0d5494ce-bec2-470d-b365-e02554806527
139,inv_139,e4700f37-d53d-4990-a6cd-2518c4a21696
140,inv_140,74ddaa24-ed14-4fee-b21f-1972df19e478
141,inv_141,b5a0e3a2-0b90-4630-b7b0-a5400eeb9437
142,inv_142,6b2bb88a-accb-4dc9-97e3-853d6f5bd757
143,inv_143,c6401f7b-5109-42f5-82a2-694baf7088d4
144,inv_144,e63b2e8a-4d67-4132-989f-658d1dd544ab
145,inv_145,624ea07c-ee9a-4620-96d3-5fd481df17db
146,inv_146,164ae573-e7d7-425c-853d-9ab482678b2c
147,inv_147,133ee06a-a9cc-4c5f-88f0-04403616762a
148,inv_148,269f0710-7c89-40e2-a32b-28877d644a63
149,inv_149,63505394-566a-4422-b44d-f0107338c14e
150,inv_150,25b72d2a-11f4-4a26-bd92-f90469f530cf
151,inv_151,8f28fe32-6d49-4bdc-8c66-1b6c822d0336
152,inv_152,a1567899-353c-4ccd-9c51-5a4d0c64f632
153,inv_153,c4c32d4d-cb4f-48d3-a01e-d0eddb06b096
154,inv_154,85005e75-4cef-41a6-8e51-e59fc9d0a679
155,inv_155,837a7398-ec8d-4819-b39f-66f57d102475
156,inv_156,ec74ec4d-b921-4114-857f-f9cf90a113f5
157,inv_157,f222df0d-0644-4f1a-a310-c893fe96e801
158,inv_158,10d9f197-5cb9-427a-9145-18c4e2093750
159,inv_159,7c075e0a-e92c-4968-8ac4-80b193c0df1a
160,inv_160,b8db296d-7be8-4aa4-bb93-6a63165b8188
161,inv_161,e6166c9a-0473-4156-9c68-9d7a5c6df09c
162,inv_162,7c85244b-0c9e-41c6-a2ec-74c270d4a944
163,inv_163,49445a92-cdbc-42ae-8f10-2ba9d4c7e69d
164,inv_164,1f1c5334-6fa3-49db-8e18-f3c5767370c0
165,inv_165,1e8e26be-341c-4bff-b426-3a096be4c358
166,inv_166,d47d87ce-f8f5-411a-9a5e-56b012c3334e
167,inv_167,b044e74e-7eb9-4c19-875d-6dd256f9d64c
168,inv_168,a1ded9dc-55b5-47cd-a792-470c1774930c
169,inv_169,ff66cc72-1785-4a22-8e75-d65bdf5d4605
170,inv_170,6224e175-8737-41b0-9445-e0648384e211
171,inv_171,47e27e30-e3ff-4075-b9dd-6a0b7a100973
172,inv_172,67e07480-be5b-4d2f-8abd-14cfd3384ad9
173,inv_173,e22b6572-a73d-40a5-af1d-6a142290523d
174,inv_174,1023f60d-5f2f-4e47-b18c-9538db5e4e70
175,inv_175,7d0d3de0-aadc-40cc-92df-ffe71e11ac14
176,inv_176,cd4372cc-986c-4b2c-8299-9c0ddfa6b629
177,inv_177,868cd47d-6044-49e9-8066-97b25540df78
178,inv_178,d421a9ef-4fd9-4d4b-88bc-af59ac527db7
179,inv_179,9db2f551-3e1c-4c8c-ad8a-ffda87ab1695
180,inv_180,89c9e301-8c04-466b-b483-f7046a82d3b8
181,inv_181,2318e4db-91ac-492c-adb2-a8aab36986b2
182,inv_182,bbcc36bd-3fb6-4556-9399-fe25d7807d74
183,inv_183,a4a77758-90e5-46b1-ac92-d4ec0c17a02f
184,inv_184,385bdcd2-a4da-4342-961d-cc8b68003efa
185,inv_185,97c11fbc-9d32-4949-b99d-0ad489ae2e27
186,inv_186,9711df9a-49d2-4f2f-bdff-4ad187e0f9cf
187,inv_187,83131cca-fcf0-4210-a592-b1744a780bf7
188,inv_188,55e88c75-6a92-4a2a-83c4-6325f4eb6552
189,inv_189,7ef6b3a9-14f8-420d-8cda-3e8bc7b24632
190,inv_190,8ee09d8e-a3fb-49ec-a058-6830f99ea4f1
191,inv_191,596ed9fb-0f2c-4ecf-82e2-07671b3f0160
192,inv_192,d397167e-c99a-4eb3-917d-f6d6e35710b5
193,inv_193,3a2e7fff-8c90-4e57-9293-4ffcd7508101
194,inv_194,e4bec945-9b9c-4b32-8098-27ec87e68005
195,inv_195,e5a453e9-1370-4ad4-bd40-04eeff3c01df
196,inv_196,3db1d907-d115-4891-882b-32685416da0c
197,inv_197,46778214-1353-4817-9466-c76dc2c3d143
198,inv_198,f5fed9bf-7c9b-49ac-abe0-bb0e61d34edf
199,inv_199,5caba88d-f5a1-4866-ae41-1fcf8f59ea59
200,inv_200,579445ff-e2b2-4d9f-a3a3-b4c0d72b062d
201,inv_201,2212a287-6d16-41d3-8528-aba11c6e7fd1
202,inv_202,c352b2c9-8a12-45f5-af1d-5a6ac69b66be
203,inv_203,5f71add4-689d-4b63-ac84-57363613d6f3
204,inv_204,d4ed6d3f-6499-4059-ac2c-9115d7336d41
205,inv_205,8db2ba81-41a2-48b7-8b01-2ce73367fa7a
206,inv_206,eb9c34ee-2abb-4f4a-971a-7d6420df1ae0
207,inv_207,1b9d08d3-4dc3-43c5-be87-9debb14d277d
208,inv_208,b6f3e695-b639-4cc1-8d22-052e124d5eec
209,inv_209,750c687b-6320-414e-a024-aa892b38ff37
210,inv_210,f9988e35-3d7d-4c35-ae87-5f1bf225db35
211,inv_211,9e3bc154-3d4c-4dbb-8dc7-99a6819ccb11
212,inv_212,8211bf91-7081-4f3a-b2e4-7efac7e549e0
213,inv_213,cce4a9a2-99d8-4bf5-a90c-3d23508bf746
214,inv_214,3af93549-256b-494a-a4a7-476dd4f0f6e0
215,inv_215,cb570d28-912a-4f6a-be28-391aa8e83287
216,inv_216,8621fab3-1f27-4262-9de4-77d7f9633314
217,inv_217,2b435216-5a64-43e6-a8e4-fc5c342d0c26
218,inv_218,2ca64f1a-b3fa-44a1-96f0-3b2bd331c5d2
219,inv_219,33013b14-1a0a-4bd0-987f-1ae4f31147be
220,inv_220,da132706-0e4f-420c-8a6d-45afe36548bc
221,inv_221,69438642-962a-47ed-94d3-7ca30f35bf84
222,inv_222,389dfed4-968f-41d3-a1c0-b31a90abc088
223,inv_223,ef0354c5-690f-46db-aa75-ddbe0d615f85
224,inv_224,c24e5eea-541c-47ce-90b3-9993b3b83d66
225,inv_225,22a48dff-60f7-4016-83f9-1fb2c764fd02
226,inv_226,be32f24a-c195-4a1f-9d4f-df9d210a7ce3
227,inv_227,06a93e3e-e088-42c8-992b-08ba4d304a0d
228,inv_228,1fc9be80-f3b4-4c9e-8675-23096acff12f
229,inv_229,6a04cf33-abe9-4277-b9f5-c5087e34af00
230,inv_230,57320dc8-401c-4c56-bddd-a21efec59a17
231,inv_231,eb96b838-4165-4d8b-910d-1ec2ea8d4525
232,inv_232,796e68b9-797c-41ca-b965-7ced037feb80
233,inv_233,062091f4-30ef-43e7-934b-86734c7a4f15
234,inv_234,e0f906cd-705c-4847-aeb4-be2484293293
235,inv_235,12f908a8-1aea-4f35-b6c6-31c91168b8fa
236,inv_236,a9bd6f8b-cbba-49d8-9074-e7a1c786ff09
237,inv_237,3834c148-ddbb-4016-b580-35f19ea1ce4a
238,inv_238,4bb13440-f900-4aa1-8f4e-07cbe976b9fe
239,inv_239,d78890df-cec6-4083-80c3-22e6800f4df7
240,inv_240,81e99d6c-0a4e-493e-b5bb-4984cb51581d
241,inv_241,60a8ab4d-2cff-4e72-9ce8-4d4a005f4210
242,inv_242,be1337e9-067f-4373-ad49-36cac9c8f2c7
243,inv_243,0dd7044d-3a4e-4153-ae7b-06d720546dd4
244,inv_244,80edde3a-ba6f-4c37-8b18-e4f09f65a3b0
245,inv_245,efccf310-aa6f-48f9-86d3-419d09784047
246,inv_246,8de409f9-b681-4b7a-b861-eefb46bf5ebe
247,inv_247,66baf5f9-8ff2-4cf6-854b-59b7d6cc306f
248,inv_248,f210ab67-8f5c-4a4a-9016-2d50264781ee
249,inv_249,7ee9665b-d5c0-4215-b501-3e055e05d8b8
250,inv_250,d43100b1-5ebf-49a9-a52d-918877ee7f83
251,inv_251,ce350554-4df1-45d4-abc3-84873fac71a2
252,inv_252,f28f25a3-1b3f-46af-a2a9-85454fff608e
253,inv_253,ead6a0ac-7965-4972-ac02-d171e998e41f
254,inv_254,79e492ca-6087-4355-aca9-d7992fbee102
255,inv_255,e50c9df4-b8b6-4ce7-bcd6-117d105f351d
256,inv_256,c91909c5-6cfe-4d2d-815e-fa57cf8422ff
257,inv_257,9b789e57-e95e-442b-b65b-998f553275a5
258,inv_258,93877d38-6aa6-4f28-87ee-04725e96fd7e
259,inv_259,e0a235a9-e86e-4df1-b55f-62423a0d6436
260,inv_260,3e6ee405-eb7b-42ce-9004-884b69687918
261,inv_261,e1713e1c-9f12-4462-a878-59cf68d11ef4
262,inv_262,30886b7f-1739-442f-a8b0-89104d119298
263,inv_263,2887471b-5510-4800-955f-0108594c4118
264,inv_264,939927f3-b3ae-49fd-865e-c90b58907b4a
265,inv_265,92bd0fd6-32ae-442d-80d5-a10da120a4c5
266,inv_266,b7814abe-0975-46b7-9f71-efd0cf2f8528
267,inv_267,e8a3d3a6-e3bd-4838-92d0-8c7f7b80b90e
268,inv_268,96294429-4b44-4953-8f9e-f720cd5e7956
269,inv_269,6bfc4163-01d0-4fea-88dc-c24ec21bd7f3
270,inv_270,2334e572-5b0d-4bd6-acdf-ff5d547f5e9e
271,inv_271,71df96f9-2374-4d00-9b56-e355ecadb360
272,inv_272,2ef6dcf2-eda5-4dab-80ab-b53b3f4b763b
273,inv_273,765d3b24-6150-465b-8329-828c5510022f
274,inv_274,5c1228b2-a1ca-47a7-9f46-4afedeeb0ec2
275,inv_275,7479022b-08da-4b3f-a3cc-0634ca278558
276,inv_276,a0da5105-efb8-4988-b5e7-44300036f429
277,inv_277,08ebef32-ac0c-4a73-95ca-99ea79845e08
278,inv_278,7a5407a0-b230-47e6-9511-3a7ae04a7536
279,inv_279,e8e8f05a-a80b-40cb-a3a7-1965ef5eb7b6
280,inv_280,39d79a63-91d8-45e0-9e03-9597ea58aed8
281,inv_281,a422860e-a0b9-4f6f-92cf-cd1e598ae695
282,inv_282,9c17c5e2-3f8d-44c0-80d8-e6ffc8823a6d
283,inv_283,5e630f7b-7751-48db-85a2-afe368013d27
284,inv_284,d0045035-1099-409f-ba96-9cb7c7c44ff0
285,inv_285,1a1de743-0047-40fd-85c3-32417de2c7ea
286,inv_286,5ae15e35-8821-4ff2-8188-966c05f8de6d
287,inv_287,f2754900-98dd-4e9c-8442-a001f050404f
288,inv_288,b6390679-ad11-4de9-933f-2977fb9da62e
289,inv_289,b9ae6599-5516-4e44-9393-9b21282bd930
290,inv_290,304a16ae-4dad-4f61-8cae-8ba839f9de14
291,inv_291,5066ffc3-e46f-4e27-a27e-f15afe8602d8
292,inv_292,090a9efb-7ab6-4de3-ac59-a50603b94446
293,inv_293,a7862ebf-b144-4f1a-9e06-6cb6992c8af8
294,inv_294,67d61b0b-53c0-49f5-9efa-bbe4eab88502
295,inv_295,dd6f19d4-2276-45cc-9a8e-17cce3d84516
296,inv_296,01e02d1e-2512-46e9-97b8-f46b25b0d0b0
297,inv_297,928a60c4-6fdd-4a03-a9f4-84f5cca42017
298,inv_298,ebd199cf-20e6-4eb6-8f31-651ba933dd5e
299,inv_299,99e6cadf-f3f7-4a50-a718-f97038d03930
300,inv_300,88e6cf6c-69ab-46bf-b869-564e74c5a6ff
301,inv_301,8fe14e79-3659-45ba-ac22-82fdead3215f
302,inv_302,2654d380-434f-4598-9275-6ad8af86a8ec
303,inv_303,d28006c6-4f5e-4bd0-b5bd-343e714b1139
304,inv_304,435cdc96-2702-4020-93d2-df42bdbe6f74
305,inv_305,49156205-ba90-444c-a9b8-82994c14778e
306,inv_306,2172bbd2-342e-44b4-a1ad-3d2afc8116a8
307,inv_307,645aff1e-2471-44eb-a9b6-f7c244c94e13
308,inv_308,b91d000a-eb9d-4aa3-b79d-073ae3439760
309,inv_309,038ef0ba-cedb-4ae9-abe9-a0607f74f2b7
310,inv_310,99149d58-1214-4481-992f-4fb1e338eb85
311,inv_311,f7fb01f5-99bf-44e0-94b1-fb7367aee0bb
312,inv_312,441cc512-b057-4dec-bec9-0aae85be3a6a
313,inv_313,d4bd3c5a-ebc2-462d-900d-c6998adc6492
314,inv_314,b84a2d19-d499-4fa5-89a8-f3b654168a67
315,inv_315,f94d2583-1d23-4d01-aa9b-6ca2bbe3e69c
316,inv_316,9a46909f-c1ca-4086-acec-007e809fd5c0
317,inv_317,44a238d2-871c-4003-b6af-53f0c47476f4
318,inv_318,b59317e1-5aea-4e5c-bdbe-073b21031ffb
319,inv_319,1a596b8c-822f-4945-8c53-dae39ec9052e
320,inv_320,af4a50d1-d6f3-42c2-894c-58a5571359b0
321,inv_321,6f685301-eee7-4a22-96b7-21a63ed03dbb
322,inv_322,4b3f2dc6-888d-489f-a648-6fc48a084532
323,inv_323,f9e503d8-b7d8-4341-88c4-57f9a3e78610
324,inv_324,48098a9d-8c26-4eb6-80fb-9049505aade0
325,inv_325,b144883c-a261-4d7e-8009-d0e8024276af
326,inv_326,7e299456-4c46-469b-abb2-a251f3ee409a
327,inv_327,c7fbcc20-d79c-47c4-9405-91ca162688ac
328,inv_328,b6e59fbb-e6db-4951-99e7-5dbc360e144e
329,inv_329,d6939358-f33e-43ca-a627-30d737613967
330,inv_330,efaf40f5-2941-4a2d-b3d6-b89d618bbb89
331,inv_331,c1217b9b-b941-4c33-b097-d7c025e24c42
332,inv_332,9c15b1e7-b2ac-4225-8562-ae3d12d4f709
333,inv_333,ca123ad5-c052-4f2b-af04-cc1a69f4964b
334,inv_334,98cd3028-2e96-4431-b029-c8eeadb00d1b
335,inv_335,844b1c38-490b-4667-934d-3f4a19dc2451
336,inv_336,b74717e4-8914-4a98-af61-71d66f70be07
337,inv_337,54151f56-5431-4625-868a-cb100409c027
338,inv_338,47210c3c-bb16-46f0-95ae-d9369d2c2066
339,inv_339,eba0ef8d-a7a9-409e-9bc3-73dcdbe04259
340,inv_340,c8e572f5-32ec-4939-a326-8400a29ae5e0
341,inv_341,e1b90dfb-92fc-445c-ab6f-dc3712ffeb06
342,inv_342,e8127fb2-98bb-4b15-ba2f-53bc952d2252
343,inv_343,4bd89dc9-b80c-4604-b841-b19d3b9ee056
344,inv_344,899f8d5e-a646-4195-a1be-5845be3e8f77
345,inv_345,85a4a483-b310-4154-9749-e0e641d52698
346,inv_346,5475bae0-932a-4cc9-9650-194d03385e7a
347,inv_347,26d8af5e-3740-4ac7-b5eb-8411b50284dd
348,inv_348,0345d31c-5e20-4316-8335-8be96da1d28b
349,inv_349,7b99c3a2-0452-4072-abf9-1cc2e562bcc6
350,inv_350,112af5b2-ca1e-4058-9780-950bb2672bcb
351,inv_351,a42a737a-4e21-4aa7-b327-a80eb6ac6153
352,inv_352,cc69d279-3d25-4784-bb60-e561bb994319
353,inv_353,79d3b83c-78a2-4b26-99d1-1d0b4e702f84
354,inv_354,da60655a-0cba-4fa0-9154-34c5f4d35c8a
355,inv_355,76a9fd1f-b485-49ba-a8d0-33e08623d085
356,inv_356,b7f2c36c-1c62-4f41-bc48-880d860e1a22
357,inv_357,9f35140e-daa4-4333-b064-d94b63433d08
358,inv_358,c298a2a5-772e-47c5-aea1-a8117c50827e
359,inv_359,5121c835-0a99-472a-b148-0722246fc635
360,inv_360,0b5e9201-7620-4bbf-83f2-78d435120ed3
361,inv_361,23aefc77-572a-4a26-a6c3-f5ae9eb8656d
362,inv_362,b01341e3-6d9b-4f71-96b8-3685b3c336ab
363,inv_363,f7d3c520-c878-4eff-ae11-c0e493d9cf9e
364,inv_364,e6ad7a87-f77d-4563-ac46-badf384b19fe
365,inv_365,8cc26d98-ca5e-40c8-8595-7298329636d3
366,inv_366,93b1d776-288e-458f-998d-a7b5f22c378d
367,inv_367,ef5ed15b-717a-46f4-8143-dac138242388
368,inv_368,8101f6bd-2a09-45b4-bb68-b7ee7da164ae
369,inv_369,b378df5f-e6a0-4d53-b653-63501e48ad48
370,inv_370,5c68f89d-932a-4e3a-b234-2e9982199106
371,inv_371,56ff4743-3c22-490d-9c8b-fd4f500dbb8c
372,inv_372,8356de7a-d49c-4b7c-9d06-457d502933b5
373,inv_373,72a182c5-da53-4289-bb9a-ff38bfa904f7
374,inv_374,10f5519f-54c1-4a13-8c25-30f80313a373
375,inv_375,3cebf540-70fe-4786-b7be-37eadbad8286
376,inv_376,4a7d318e-cc4e-43c9-b5f7-b87b7e3e01b5
377,inv_377,bd6204c1-342c-4e14-8c20-5d17d12bd117
378,inv_378,9f3d971a-06fe-4851-b897-009b265f59de
379,inv_379,c13ac0d5-ead6-43d1-a208-712d2f267cbd
380,inv_380,608b1f14-2e43-4073-b5d0-f7cd8d5ae8c8
381,inv_381,9d0c6f6c-66b1-47cb-8323-8b960d2e6e69
382,inv_382,af2f3faf-9bd7-4927-8214-060a9723909a
383,inv_383,f6506e38-c132-4a57-b3e9-cbfb8a3d095f
384,inv_384,d1f1596a-63f6-4337-ae2b-cf2717280d34
385,inv_385,f89bfb95-be87-46b2-923d-d687c1efca0d
386,inv_386,c0446a45-5aaf-437a-b03b-906b11fa7f38
387,inv_387,b8b80fc0-7643-44c8-b5a5-e7b1b3ed0e95
388,inv_388,59880dc7-d2f4-47cc-b930-7138d4d07b1e
389,inv_389,e1ec7fc3-632e-4095-baa3-057f8cc9e2ff
390,inv_390,0c4ef40b-dd85-4a7a-a66e-943a76e68f7b
391,inv_391,91acb4d3-e991-4aff-b194-86dfb26c5936
392,inv_392,b37ba569-b8e3-46d4-a55b-54c0d9ce637d
393,inv_393,1427f3cb-72f3-4eff-9a78-f1cacd679df7
394,inv_394,ab1d5090-9b4e-49ee-89b2-715227b8b003
395,inv_395,a1b7a88d-94d2-480f-8633-70ae670ccb68
396,inv_396,6abd7e0f-03a9-4fdf-8ba4-985ea73cca2d
397,inv_397,1f890594-ba01-43b3-9afa-86cac97c28e4
398,inv_398,469922ea-251a-4a1f-894c-fd7b1257905d
399,inv_399,424c94db-79b8-475a-acd0-0b7e8a21271d
400,inv_400,29b660a9-babc-4f5f-a057-d5a44a473b67
401,inv_401,cde4c804-c11a-4ed2-a79c-42e87dcc33a1
402,inv_402,da70722f-ea8e-4be2-ad7d-aacfda98006c
403,inv_403,875e2306-20b9-47ff-bce8-7c155a9820a6
404,inv_404,7dc0b8f9-f24c-466d-910d-d44191d1e0f6
405,inv_405,4f8ab85a-d61b-45a0-b2da-8b04d71a7ad3
406,inv_406,0055697b-8d69-4275-806d-432ea8f99600
407,inv_407,2edd2485-ed0b-47e7-88f0-953628a6a497
408,inv_408,df691a8c-ab6c-42ac-a6a2-b5060b30cd88
409,inv_409,17d15ed9-7382-474b-a383-74bd3dc96fd1
410,inv_410,7349e87b-4f17-4b4f-ac70-2e5addf42b6e
411,inv_411,c023e86c-c18a-48bb-8bab-35288ef358a9
412,inv_412,11c865f2-c72b-4f67-9274-69c84d322ef4
413,inv_413,97997ddc-73a8-4057-bed7-3cfcb7a94216
414,inv_414,411f46d8-766a-461c-b9a5-d7ea106025ee
415,inv_415,a02d1133-e983-4ad4-a0d8-12b210575297
416,inv_416,ee92d37d-3530-4f33-bfe7-a71db9c0ddcf
417,inv_417,f2ec2d9a-c96c-4616-a32e-6105e3c1436f
418,inv_418,657a0061-ed10-49d2-a495-857dc4b7f58c
419,inv_419,d2bf8153-fd1b-49ca-938e-5a50d2662071
420,inv_420,0494d1db-9e77-41a3-bb46-3c75ac32a0e9
421,inv_421,66812a59-e399-460b-a409-99d42bf5b297
422,inv_422,ec9670bc-756b-40b0-9b58-f9cc188363c5
423,inv_423,2fd089a0-edca-43aa-b68d-7d1b6545d2d8
424,inv_424,9870bcb1-b8ac-434c-98b8-9c9c1236cfa1
425,inv_425,bbc4641d-9408-44a7-bce3-eac79d6c9f8f
426,inv_426,f36a6cd0-5dfe-4663-883f-43bd408f797c
427,inv_427,582504fd-c41e-47e6-b95e-dd30a1dc00da
428,inv_428,bfd72cc9-f7a2-47d2-b71e-dd282c35556e
429,inv_429,267b2532-657f-4b98-9f79-19789ae29ba5
430,inv_430,40b0586b-d0a6-49f1-aa77-866d36a30eed
431,inv_431,c9f495c3-78e9-48c1-b62b-212d32297a90
432,inv_432,2eba328c-c6fa-4224-9935-6bd4d319da3b
433,inv_433,be6f98d5-6bdc-4be6-83c6-28e9f431656f
434,inv_434,1e3b325b-40c7-4246-8fa1-b23320591dd4
435,inv_435,410c68e1-e89e-4ccf-8a50-e68c70cd9a75
436,inv_436,fa53b447-e412-448e-8625-26f18f849b15
437,inv_437,01a9f36b-ccfe-496c-ad6a-cc373272d6dc
438,inv_438,d5e0b11a-ac96-4ef0-869d-c395c8c824a9
439,inv_439,2732acf6-f92b-4f43-8f96-ffb36c4150e7
440,inv_440,41dcf1db-c33b-4b60-ae1c-202e4205e65b
441,inv_441,5e0378b7-88e4-4e72-a56f-155bf4197e86
442,inv_442,dd6aeee5-17e1-42cb-b273-721597e824d1
443,inv_443,f271d6b4-80c7-4ad1-8a48-cd0ac8f33ea0
444,inv_444,79525075-8833-4e14-9530-20d50dc797b8
445,inv_445,3787ee28-3ece-4253-886b-147d32185530
446,inv_446,ddb58c5e-8cc8-4767-9a4c-e6cf32f87d32
447,inv_447,afbfcec1-513d-4fae-ad51-d73cedb8b2c2
448,inv_448,c865dd1e-de69-4b88-b26b-af0f92f2b71f
449,inv_449,9f85eb3b-939a-49cd-8b16-492c93ca0cf6
450,inv_450,43efa963-6ef0-479a-afac-7609ce1dcf89
451,inv_451,7398cf2f-9263-4499-a4e9-4ff9b448a852
452,inv_452,03e90c40-7c3f-4db4-836e-10383fe47f11
453,inv_453,aac162d9-7682-481a-9542-4131f3f1d30b
454,inv_454,f4f7502d-2067-4ca7-b3d6-1c088a3060ce
455,inv_455,362a081f-8c83-44dd-a90b-f1609f93ddf4
456,inv_456,3d9d70fb-f67d-4641-ac0d-96cfca71e8c7
457,inv_457,66600be6-5f2a-425d-a3a6-9d195525a700
458,inv_458,e7ed81e0-c33e-4aa1-890a-7ab43074fbec
459,inv_459,6f5608f4-4e18-47d5-a198-4616d9a63904
460,inv_460,c455d19b-646b-4d49-8b4a-028a26326501
461,inv_461,f5d8a7a8-eb89-4ddf-ad10-457a68362102
462,inv_462,72c8c743-3b99-4ae8-84dc-725044022370
463,inv_463,de874953-acae-4deb-b680-9a39eff45155
464,inv_464,f36a7709-dfe6-4a38-b38b-ecb0a80c3d9a
465,inv_465,28504fe6-ee46-442d-a948-46c9a9612c0c
466,inv_466,697b11e5-35fd-4e2d-8201-926d6f4be4cd
467,inv_467,7632236b-bf9c-4d19-9975-45c0aab34c00
468,inv_468,85d3fa89-0284-4e6e-bc3a-7cc83e35b08d
469,inv_469,45a38a32-899d-476d-9bd6-e19aeff7b9a7
470,inv_470,72fe06b9-781e-4c8c-a299-208c7e2844ee
471,inv_471,2a8e1596-da26-420e-98b8-dc9e1f784e6e
472,inv_472,92ad43ed-8373-439a-ba41-6ab5cb15e550
473,inv_473,69635f9e-abe4-4b1d-861d-9d72e949fcad
474,inv_474,98bca4f7-282a-41ee-99a0-c3fe52fc1a3f
475,inv_475,9ad2437a-a289-4df3-a38a-fa1c5fb677fc
476,inv_476,e1635e5a-177c-46f8-b506-7f6c8322f34d
477,inv_477,2457211c-64f2-4975-a839-806d0400bb87
478,inv_478,cddb7371-6894-481d-b31b-fc414127ecba
479,inv_479,dde9e359-59ee-4ef8-bd71-0f54f974e897
480,inv_480,c8d60d7a-ed9b-4bdd-b2d6-cdb1d1db5a0a
481,inv_481,9fa2e8d0-5cdf-4e34-bd5d-781103acb0e8
482,inv_482,e198b352-2627-4acb-9497-b03c92ce2d5c
483,inv_483,c1561911-d23d-4b41-bd03-277b5d4ad461
484,inv_484,331152d8-1999-4165-be68-27b28e747082
485,inv_485,282be5b1-fedd-419b-a306-0f26aa38b9cb
486,inv_486,1fdf42e8-8fb8-4921-85a9-03012f94063f
487,inv_487,1004ec68-45b1-4484-9ff4-f22b970b50b5
488,inv_488,8f017d1d-c34a-452e-8ca1-20df3fc60484
489,inv_489,38e1aa5f-e37a-43c9-a076-2250461aabad
490,inv_490,c41868d6-edaa-47e3-9114-b530cbd2e3ec
491,inv_491,f60405de-d814-4fb4-9ae8-ab810f8ad804
492,inv_492,575aa1bd-829b-4c33-a3f3-2906b1fdcb3b
493,inv_493,66a839d8-f5e1-4ece-b0c8-20de149645bb
494,inv_494,03c7ef0c-ab7d-4bec-bf01-1b681883d06d
495,inv_495,2ea32ed9-4965-49f9-86d3-751fe95f9cea
496,inv_496,12eb69ba-8192-4c8d-9bd1-364327f7d745
497,inv_497,2662237f-60ac-4a49-a831-3dc8485883ed
498,inv_498,7eb5a0ed-43e4-4839-915c-1339c4304ab8
499,inv_499,d6ad6266-739a-4d34-81fa-aaf2f20a27ad
500,inv_500,62179ab7-dea7-40e5-a755-d53e87dc2d41
501,inv_501,34d2af3a-2369-4e07-9a64-1a0cfde175c7
502,inv_502,78f8aea8-61dc-4761-8d53-f0d78447f1cc
503,inv_503,45d12d05-ed66-43a2-880c-f801e2bf4b7d
504,inv_504,d7c061e3-530d-4860-a465-c860945576e2
505,inv_505,500bf814-a74d-4057-a785-ddf7b3d379c3
506,inv_506,20b3b13d-2290-4c21-8bce-931a668224ec
507,inv_507,f32d9fa6-2079-4465-8e02-926f4fef3393
508,inv_508,ddcecb6c-2848-4e4c-bf16-842e62e91c0a
509,inv_509,00c6dce1-4de2-4acb-8a84-8e2b46ab3471
510,inv_510,46a11ba2-ec68-484e-92f8-5f0b5785b259
511,inv_511,635ba0b9-229c-484a-aed4-86fb3b128238
512,inv_512,19b50775-343b-4817-87a7-cfc5cfd42f62
513,inv_513,d63a45b3-3d69-4f25-8b7f-0ef72c20aef8
514,inv_514,4be4666a-dbd4-4601-9056-81ac732a0a6c
515,inv_515,9f921e21-fa34-442b-b695-70f04e15def7
516,inv_516,585bc333-8538-4d20-ba2e-54c695a3a1fa
517,inv_517,dd1d4470-898b-4a6d-a5f7-0e1d6167cebe
518,inv_518,93b387fe-7bb2-4f1a-a798-08aecffc72d6
519,inv_519,6d1f35a8-1d3e-4377-9578-7d24f3ef0a32
520,inv_520,d92fc301-80a6-4924-8443-acb80ed2cd2e
521,inv_521,aff45557-d0b9-4c89-8f76-b52e96d12825
522,inv_522,84b25f6e-09b4-4f2a-8c71-c2cf6e8e5898
523,inv_523,3a9cc77c-54d7-4587-9e68-f50d4189a145
524,inv_524,690a546f-615a-4ff7-9f95-b003541854e1
525,inv_525,917018a1-a068-4468-8e37-3dacbd6f7bb7
526,inv_526,2989d33d-9c88-4fe4-b9b3-4f1716e8f2a8
527,inv_527,3f213501-ce80-4b2e-b964-425dec84dc5d
528,inv_528,df913fd4-0a19-4a7d-9150-60a3806f0ff5
529,inv_529,545333be-9502-4942-b415-ec92176d2205
530,inv_530,9028ace6-2efa-4d71-b4d4-2d5613f0f2de
531,inv_531,7c15bb5a-b1c5-47ae-b822-dcbcaf20ad6e
532,inv_532,f0ff64e3-7583-440b-a31a-1625fcfedc29
533,inv_533,c4d9a124-8d98-4358-a699-267945618276
534,inv_534,67694f90-ce04-4407-b16f-5cb081f15fce
535,inv_535,48af5c80-acf4-449c-abfa-1a781c6361ac
536,inv_536,846e9386-6bc2-45df-b11a-21fcfbbabd30
537,inv_537,2705f968-286f-46d9-8b0b-da91a588cd83
538,inv_538,21a36a7a-a77e-47a4-8ec7-7e237704b696
539,inv_539,bfce0662-86db-4303-8034-bdf964051a98
540,inv_540,34aaef78-5e64-4e6d-ab08-dc02ddf1bb78
541,inv_541,1fd4da6f-51c4-4140-8661-54b4f5c06aa0
542,inv_542,b72d3142-4af4-4544-a0a7-a74d791209fe
543,inv_543,44aad7e2-e42b-43b2-801d-cb6e54822a02
544,inv_544,c5c6c395-464f-445e-a14b-2b5d9dc548e7
545,inv_545,eeba1199-c32f-46b9-988b-ea9356546901
546,inv_546,35f15ed0-510e-46ae-b09d-088fac3f918b
547,inv_547,57a44f30-6c18-474a-a50c-7bac55b0ddb1
548,inv_548,bdd518dd-b44f-4bdd-bdfd-08202529cca2
549,inv_549,6ce9ab01-8e0e-497f-b998-2ca2d7684b5c
550,inv_550,6abed79f-cc34-4286-aab2-7c7930e4012c
551,inv_551,e50a92a6-9cb0-466f-aad6-6fa94470deff
552,inv_552,88d6359f-4d44-4112-830b-b070e1247970
553,inv_553,2bbbbfbd-9dc9-4826-991d-d1bb2dc613d3
554,inv_554,38858f80-df11-41b0-9f31-075498e946b3
555,inv_555,b904f623-2fa7-4aa7-98d2-6e28885fb7ed
556,inv_556,b9d163f9-c66d-450f-b650-06e9fd7914a9
557,inv_557,06802616-86e1-4ca8-b217-698a44528c21
558,inv_558,e5429b1a-7f48-4e1b-b781-e8d8b142e137
559,inv_559,599941d8-62d4-4b48-95a7-995f0d4b940a
560,inv_560,95937871-6bfe-4454-b006-b2a793edbd71
561,inv_561,50ba82d1-3d64-4aff-92eb-8452ccb18620
562,inv_562,c19fd462-617e-4089-8159-7bc6884209c7
563,inv_563,7c96466f-2224-413b-9bd1-158c4e8bd2a2
564,inv_564,bec937c5-7036-4cbb-b65f-82182b89e144
565,inv_565,3cc0b721-a415-4ee3-bc05-e3c25c5be562
566,inv_566,2dba0363-5cc2-43d9-9e04-4359eee6808b
567,inv_567,582ef437-ca68-4df0-8701-c7e0b30d8e19
568,inv_568,a131eb24-ee6e-4a2b-97da-b4990f8d1aa5
569,inv_569,24318412-0be7-4814-bfeb-0d2ebaf08337
570,inv_570,b86f99a1-1545-4b78-a02f-cac564e54e51
571,inv_571,dfe6da5c-0b97-4604-a61c-34a4f5f0a372
572,inv_572,53733d80-67f4-4601-b4d3-b631a4129d78
573,inv_573,1370fdd7-a6ba-4954-8151-b723cdcc8707
574,inv_574,ef2ffc7f-dcaf-4f8d-8be5-63a9c38886ac
575,inv_575,dafa833e-7cfa-4b4b-bbee-2247f8e5c8cf
576,inv_576,b817b1f8-d628-4015-8ddb-dbfc43cefc99
577,inv_577,948b0621-2e7c-48f1-a5b1-ca546873d41d
578,inv_578,ee3294ad-dd26-4468-b80a-f865ca53ede4
579,inv_579,b9dc0de7-0207-4406-816f-f81afcefbe95
580,inv_580,0adcd0c3-e0be-417a-ac6e-b64a9a38d689
581,inv_581,41a3ad16-f7ac-49ba-a06a-c0609c23edb9
582,inv_582,ad05ec46-0459-4e2d-8e0b-71c1a20741dc
583,inv_583,0625ae30-505b-4bc5-a50b-29d83c41b215
584,inv_584,978df330-c14a-4690-9c3b-5891d8f2bf99
585,inv_585,221782ee-532b-48c8-b1f6-295e61970f76
586,inv_586,7d8c1fb6-59b9-4097-acf1-8dab5fc775e9
587,inv_587,981bd8c0-1bc1-4f49-8ef1-bdfaf02fd4c6
588,inv_588,ed1ab973-5510-4a51-8cfa-618dbdc43ae8
589,inv_589,0910adda-3034-4b31-a07d-fd817729c63c
590,inv_590,f60ef918-afce-42ec-98f7-b3f7e03a1602
591,inv_591,bb4702cb-465f-4232-bb73-f5ae66c4de65
592,inv_592,c922e447-2169-44a8-a0a0-9d9f2a43c8a8
593,inv_593,ccee6fe5-0bd4-4c4e-a6d3-e30fdf9e9a4e
594,inv_594,becc64f0-7867-4cde-9e86-d8c32c7f32db
595,inv_595,bd05696e-6311-4ed8-b996-4bce3e09ac98
596,inv_596,0fc091a3-6c14-496c-904b-d7300a01aef1
597,inv_597,402ce02f-59c2-48b7-8bcc-d8dfac6f463f
598,inv_598,e1e1e797-c613-4737-8805-f345615bed53
599,inv_599,c0de067d-b312-499b-9cc5-869cb2dec3a0
600,inv_600,49c194c6-c2e6-4f23-8d0e-e4ac30e9c219
601,inv_601,d700c7f5-26b3-4c5f-b116-38b9c6924787
602,inv_602,3ec77df7-4447-4e21-bb5f-d4bd3a7cb7e9
603,inv_603,39e5fa91-da1d-49bf-8a20-1242a0a325a9
604,inv_604,592a1742-10de-485d-8ebd-0043d3f0772e
605,inv_605,f94ff67c-4f23-45e9-8990-ce31ab52256c
606,inv_606,a08069ec-1331-4b69-aae6-aa6ae6a94615
607,inv_607,724771d2-431a-492f-ac1d-b3524ab4bf6e
608,inv_608,93257a7f-22c1-47fd-b64f-b21b1b343658
609,inv_609,908820c2-4f5e-4ae8-b2da-d62837870924
610,inv_610,a84be895-cbb1-4c16-9c15-a6ea4d04cbbe
611,inv_611,3d86064f-39be-4805-828f-8fff6fb6331c
612,inv_612,c12770c0-68b4-41aa-a3f7-743645b35cc4
613,inv_613,65b1e22f-5dd8-44e1-972c-68a0375040f8
614,inv_614,c98ba723-ea58-45f0-a46b-342aebd1e559
615,inv_615,ad326924-557c-4c6e-a099-05f97ec1d468
616,inv_616,143eb27f-daae-418e-b3c9-11f0fa30558e
617,inv_617,85c1885f-69d6-42be-ac78-bd79074ebd19
618,inv_618,3aa2b1dd-4919-48f2-a233-b87513e3dd08
619,inv_619,a1922e13-4625-4048-beab-c9469696f173
620,inv_620,c9f1d210-ba3d-4035-bb06-0c98998f2ce1
621,inv_621,890124a8-bdbc-4c1a-99e3-692c70d0305f
622,inv_622,44f47c36-b7a6-4061-9b72-a05c8a9adf32
623,inv_623,3b4af898-852b-43b9-bdb7-751284333811
624,inv_624,e5cbd4ca-de03-4a89-b7cd-98151a3adadd
625,inv_625,b4e988b5-da9d-4b16-b14f-f55885e6b90f
626,inv_626,34c5eda3-c07f-43e0-be34-285dfea125ce
627,inv_627,1905c63f-b106-47a0-b104-3bc46b1ef70d
628,inv_628,d172b197-9f26-4292-9ef2-15ebcd98a334
629,inv_629,a2e8da06-98cd-454a-8d11-40e673008486
630,inv_630,34b4d10f-c43d-4bc1-a3bd-5c1bd2918ab7
631,inv_631,16ac20f6-3bb7-4506-8a7f-122181c8ca2e
632,inv_632,a24e9101-4a8f-47d9-851f-0cab3cf9937b
633,inv_633,f0c2e2b7-1a2b-4445-b603-887b51b0c112
634,inv_634,5e11e9c6-e59e-4cea-bf96-93e449cb300b
635,inv_635,f9c42017-e658-43ce-8863-65e6862ab22c
636,inv_636,56b7e67c-68ec-4c4b-b476-d26361f9d40c
637,inv_637,752499dd-02de-49c9-af9d-eb375257141c
638,inv_638,1d698f66-8556-47ef-8d31-2a9b4b42842d
639,inv_639,de649a4e-03c5-4268-acfb-baf15215e440
640,inv_640,c532658f-f0d2-4ea8-897a-803c5193aa70
641,inv_641,bb29f01e-eaa0-47ee-8d2d-307b32244c43
642,inv_642,e6a47082-0450-4d39-80c9-fda216c1cd5b
643,inv_643,346e9a49-17f9-4067-9a02-dda0909d5dca
644,inv_644,dec48d7e-4b72-45af-a4ab-df17098d25b1
645,inv_645,61369bfc-f36c-455b-b832-e2616787cb8a
646,inv_646,ae0b2e1e-4a80-4d56-8c17-271fa220f822
647,inv_647,dd196ffb-9cf8-444d-b360-759fb561d9cf
648,inv_648,06a34237-cf1e-4b04-a8b2-84afe7f56f55
649,inv_649,13b97106-51c9-4b02-b363-833f62e3be4c
650,inv_650,3034a85b-929c-4aec-9bc6-cfa97a2e9a72
651,inv_651,d35eb889-9666-48ac-a164-596b237d66f1
652,inv_652,f2b9f385-b816-4dea-9a8f-cb0b7b2ea9a6
653,inv_653,9c02cea5-f53a-4f01-bd2e-20174a061e9e
654,inv_654,2b23069e-382c-492f-99c0-320ff4f0fa89
655,inv_655,96c513be-0adb-4c53-8370-1c5e49c828cf
656,inv_656,9c7ca62e-0a12-419f-8c9c-dff27c6fc414
657,inv_657,2c5c18ca-d6ef-4e2a-89e9-a6bae16df812
658,inv_658,6a0e5c5d-ae17-440a-a761-b1418ecd50ea
659,inv_659,cc39cf11-5fa3-49d3-b58b-0100a2441a93
660,inv_660,9df124e2-9bf6-4e5e-bd54-729d61e32e87
661,inv_661,d8588fe5-67eb-4e78-aa25-4725ab412e28
662,inv_662,0c41c7be-e653-4aa6-a415-9be1f6a9e5e6
663,inv_663,1cdf8d66-8b66-4d64-858e-91a0e0b82bd6
664,inv_664,e06cee09-da25-4e56-90a7-ccfd0cbce232
665,inv_665,c25d9afa-5fc6-4865-bb8a-289accb0c838
666,inv_666,772ed2ee-9593-4522-8d2c-a7e67fc29df8
667,inv_667,edff8278-4b1d-4240-a1f7-2ff038bed8f9
668,inv_668,100905d7-9214-477a-8e8f-765be3ef5282
669,inv_669,7ea37eac-c564-4fdf-8c40-c624204b2fd8
670,inv_670,5805db22-58c9-487f-91bc-b72b659ca940
671,inv_671,ab4e5a15-3fdc-4de6-97ad-e3020e486ace
672,inv_672,92760a6d-1b36-4cc8-a8d7-b5b395202f28
673,inv_673,4e1f7195-6b88-4910-8fcf-2be4b7d9d831
674,inv_674,762af730-d230-4ae8-b124-784e18d9c614
675,inv_675,7a9b4c83-8126-46c4-99ff-db6d7ea7b689
676,inv_676,07967e2f-a608-4c86-9032-67e491b29ea2
677,inv_677,c940dfcc-d6e1-4e8e-804a-fc27f19a0bdd
678,inv_678,b933c7fc-6875-42f9-8400-5abd03b1a479
679,inv_679,6f591ddf-86d3-49d8-9ff5-88d2f2895857
680,inv_680,aee22dfa-b74f-49d0-b43c-37939e26da95
681,inv_681,68685cdf-6222-4a4c-ad29-31f4003c8398
682,inv_682,536786b4-9166-42ca-992d-464f55493cb2
683,inv_683,ba211f37-4fce-4239-ba9c-2a6ae0c8c2cc
684,inv_684,d8bcbbe8-5a8d-4470-b591-6999b12e7116
685,inv_685,96c19e25-d86c-45a0-9d15-cf21fa9831a8
686,inv_686,5e0f09ff-6898-40ff-b54f-e5749387884e
687,inv_687,2a4a9666-306e-4000-a24d-0d0d04f9c4c7
688,inv_688,049d318c-418a-46fd-a0c3-baa79ec1cdcd
689,inv_689,1ec64edf-70ed-4cb5-b494-1514514cf90f
690,inv_690,9602b77d-e623-491c-b02b-149ece2dfa40
691,inv_691,921afcec-fa22-47e4-bd17-b27b5501e7cb
692,inv_692,d5344606-6072-4a63-9757-46a6aff9f19e
693,inv_693,d831e8dd-4a4f-4e55-bcff-b8176bbde1b2
694,inv_694,be6e10ab-676c-41dc-bca4-4e3074127b91
695,inv_695,3273f974-c167-4868-a6fb-4d256eec529e
696,inv_696,89ee723c-adce-4324-b180-be66fc6d3f12
697,inv_697,883d91d5-72f7-4e17-9719-ca48d9646dbd
698,inv_698,5ab9c164-cfa7-4629-abbd-3c8051d5de27
699,inv_699,2275ce80-a28d-4460-9cb9-d3dbca3ea2ae
700,inv_700,0bcaba4d-2079-4339-b688-09de001af732
701,inv_701,9ce6ce80-f798-48cf-ba7e-53eb3569d972
702,inv_702,d65b7fb4-7276-4ca8-8ac5-aba670ebbda3
703,inv_703,4fcef748-8158-47aa-8ab4-ad9f230c1611
704,inv_704,51047690-cbec-455f-b08c-141a144e3699
705,inv_705,56f87fe1-aedc-488f-be4d-b25f6c2bb615
706,inv_706,134b4be2-ba6e-4dd8-8d53-568c8c2c3b85
707,inv_707,0ef5aad5-758c-4f95-93f9-e6c0d36434bf
708,inv_708,9e77747d-8d39-4280-99bb-e3c1aed5578d
709,inv_709,46e0530a-c4b0-4b5a-8e2d-9cf2956c2597
710,inv_710,798897e8-5697-4cbe-ba4e-e2262ee3dd73
711,inv_711,91ce5cf7-c8fc-45e2-bdbf-a433f0a4ebdf
712,inv_712,cff09691-7198-43e7-988b-1c82784f1632
713,inv_713,c7bb2558-a98c-4f1c-bcc4-f8ff6dd17719
714,inv_714,aea44cd2-3a9e-4a30-b6e5-957daa51c961
715,inv_715,288f1ab9-961e-47e8-9d14-9fda6db97065
716,inv_716,a08553ca-963c-4a36-8cc8-4e029b245fd3
717,inv_717,1c33c48c-09f6-48b3-985e-170d56f637d8
718,inv_718,e4b0ea63-1f87-4a46-a3d7-91129b0a6feb
719,inv_719,f4045ec9-794e-459b-b087-aa28554e2e6a
720,inv_720,696c9d43-0777-4608-82d3-9f097f236e49
721,inv_721,b5ad6c36-6867-43e0-93b3-57006eb75c1f
722,inv_722,a0c668b3-21a2-47cf-910c-6f1d3ff58f81
723,inv_723,7d9b795e-026d-44ad-99a7-192820e11743
724,inv_724,ecf62c80-2db4-49f7-8831-b3ea19fae07e
725,inv_725,ade8657b-cb2f-4013-b307-3344323452bf
726,inv_726,3898afcd-9f84-4459-ac27-dd84663e7679
727,inv_727,b1732f0f-99c6-4e65-bad3-df6ff01f2196
728,inv_728,8de8de85-0e10-4078-9252-9af15b287eec
729,inv_729,363802ca-f5b0-429e-9801-625c3218dc41
730,inv_730,8ad7d0ea-688e-4d73-a52e-9d654807ad7d
731,inv_731,e1bcca83-d6fb-45d6-ad93-bfd884d0f5b1
732,inv_732,d0f317c9-9003-4836-a249-1c76b7b8f6cd
733,inv_733,29a8f9bf-15e8-4d2b-9f8f-b39420b7b84c
734,inv_734,57428168-b164-4dde-b5af-b6c6588f4a2b
735,inv_735,4cdfd376-6de1-4a9e-800e-f7cb14266daa
736,inv_736,a4596623-c59d-4ab3-8ad0-650fedc15b38
737,inv_737,d5039dbb-7ba9-4a26-8a5c-77cc7df21502
738,inv_738,ffe05a42-40d4-4ceb-9681-6747def4ae3a
739,inv_739,0456073c-a5a5-4726-97ec-5281e2190cde
740,inv_740,9a7a4e6f-c8d7-42e7-8582-b68553e54c1c
741,inv_741,639659bc-8fec-4ffe-adaa-219c2eb98078
742,inv_742,c89c7b6b-c192-4f75-b795-1cfd7523cc74
743,inv_743,d8430ae5-ff64-48db-80e1-28f46cf0e91f
744,inv_744,87a29223-7861-4848-aeb6-80f625c67cdc
745,inv_745,ab1274ed-d775-4ecf-a732-78c5ca8b01d4
746,inv_746,272ed981-6478-4962-bde2-857e15df5d48
747,inv_747,099f7f60-554a-426a-87f9-a33fcf2791d3
748,inv_748,c6d31c5a-850c-4481-9bd7-6ac79e4ed611
749,inv_749,219b71ca-3769-4a53-95be-22d907be1bca
750,inv_750,ad8ff08d-8763-4566-89f3-919a18c76baa
751,inv_751,d338d07d-6c6e-498c-8428-78f8ec7097c6
752,inv_752,7b9c7a0a-d711-44c7-a22f-831a6426dfc5
753,inv_753,d2b4bd1a-385e-468a-97ad-dfa7ac01a16e
754,inv_754,d91df05e-a24b-40b8-b9cd-6caaeed6d79b
755,inv_755,cb90d28d-5f7f-4413-8686-1a158c627b1b
756,inv_756,f9043f1f-74da-487d-b7fd-d0fa49e79b24
757,inv_757,eb02f814-ca98-4771-9873-8b396f80d9ed
758,inv_758,db3e9812-540b-43ad-90cc-371c366f2410
759,inv_759,c6634123-6593-4ab4-97d8-892383350805
760,inv_760,3f43d42e-2c42-4035-84da-8f31912457f7
761,inv_761,67a3d759-f0c5-4c19-9d8f-ec8abb0001b2
762,inv_762,9bcfd3da-7141-4734-8b1c-24dc34545b2b
763,inv_763,2c49113c-8758-4c5b-9bde-8b904f14a11f
764,inv_764,8b1b2bf4-f355-45eb-a7ab-d2f6de0dbfbe
765,inv_765,a4a53612-0f8b-4585-8d74-1ca9f5eace3f
766,inv_766,c6f37e1f-675c-4e71-bb12-7fbf5e60ea87
767,inv_767,b887b72a-1cb6-45f5-b740-73bf5c601d4e
768,inv_768,1c050527-900b-4061-aa27-5da55c431a0a
769,inv_769,41728f71-0744-4df0-9981-bfdc4f2a1b73
770,inv_770,65b41ad0-8d35-431c-926f-307ad9e227b2
771,inv_771,8f6e701d-0700-446a-ba93-25ea1e4e6977
772,inv_772,748cc0aa-31a7-45ae-a266-cfb36b0d62a2
773,inv_773,eb771c12-09cc-4089-b472-d61bef4a5d37
774,inv_774,ead0f64c-46c2-43db-9b7d-a2db662c0784
775,inv_775,b62502ac-5c55-461d-9ddf-7391688632f7
776,inv_776,63574cab-63bc-4362-aaac-409077beef5f
777,inv_777,bd0eabf5-7de5-4bc7-8731-c2e44d3a9996
778,inv_778,96d210d2-5231-4ceb-9a74-b88e129ce70b
779,inv_779,eb19d621-83e1-452c-a4d7-9873e8c0d27b
780,inv_780,605d2bec-ad00-42c0-abc3-654dbb12d5a8
781,inv_781,ecb9e999-b553-4a6a-98aa-9fb1808043da
782,inv_782,6ee4fed4-6f73-40f4-98aa-dee7499bd63e
783,inv_783,87fa0f92-0bbe-43e4-bdf0-345565a2faaa
784,inv_784,a0999853-2f39-4ea1-a029-10a220d38ffe
785,inv_785,fbb73e7a-40bf-4c69-ba1a-d4143949390f
786,inv_786,5cefdfd0-3dcf-4ed5-a22a-427e75282a27
787,inv_787,be2ab05d-8aec-4266-a59d-de69d951b548
788,inv_788,7831dfe4-32cd-4e48-9f5a-98bc15b81311
789,inv_789,d598c230-e9d1-4458-a61d-09e33c80c73e
790,inv_790,a747453f-6229-47ba-b24e-34b7493ec30d
791,inv_791,e3821cd5-4cbe-4179-b82f-a20b22733b12
792,inv_792,d230f4a8-9280-41ae-a72f-6f4ea35c4d01
793,inv_793,ee4b6f93-ecbc-45a7-8ca8-d539dfb3d3bc
794,inv_794,4337d3ea-98ff-437d-a8bc-07490397c85c
795,inv_795,79cde626-6ba7-4cfc-91e7-fdb67a90cf2a
796,inv_796,8508bd45-e200-4730-b959-a50c1dd1a845
797,inv_797,4439da59-0961-48d0-851c-230857ba5c21
798,inv_798,ecb9574e-7f2b-4f90-9ce5-dd68d825ca51
799,inv_799,b5cb8423-f85d-43d2-95a0-8cc3ae46dbed
800,inv_800,f70fba83-f15a-4909-862d-cd7bdc962cb0
801,inv_801,2b68257e-2634-442a-8e35-738a3b0c7f79
802,inv_802,2d56d930-cdc7-4c6c-9588-a52b4494e6f6
803,inv_803,40143084-f154-4a21-bce2-86c11b31793f
804,inv_804,c6e77857-4528-4dba-820d-9ace33b11c35
805,inv_805,00274803-8133-453b-bc72-2cba11ea9e1a
806,inv_806,c1a086bb-3233-4862-b64f-1954aec89b3c
807,inv_807,23520206-e32d-461a-9148-5833ef66b66b
808,inv_808,fff8d74c-5889-459e-af38-04fa41981f53
809,inv_809,74235e48-3bb4-4100-b0b9-2a2f97d6d9a1
810,inv_810,87abf6ff-02e0-49ff-9657-b87e35e251b9
811,inv_811,2f714d8d-9307-4385-b330-d78d1fec9ac8
812,inv_812,7d552cc4-d954-4ef3-b8d2-33caa4d703f4
813,inv_813,f251c97f-c826-4ce7-9584-844bcdd2ea5c
814,inv_814,089c602b-e46c-43e6-8f66-2f592282a437
815,inv_815,691a67f0-ca49-4647-99cc-c4c56d061441
816,inv_816,f340e327-ab5f-45ed-bc65-93bf630d3029
817,inv_817,f62307ef-df10-4ba0-831b-9cab647098f0
818,inv_818,b420dfb8-f9bf-402c-8208-c7ea44013ad1
819,inv_819,6f8f8a78-c40e-41a9-9b04-33231d09bb2e
820,inv_820,f15315d8-339d-451f-afda-b84feff492fe
821,inv_821,0a58baf0-c37f-4bb0-835a-dea46dafecde
822,inv_822,c56a785e-ca94-4089-ab48-746e4c83d289
823,inv_823,a114e8df-ddf3-471b-99dd-53dbc28e64f7
824,inv_824,c082c9cf-2f79-404c-89ad-dc0c75ec5b3e
825,inv_825,c5412b8f-cd09-4c39-b8b3-53a250f2074d
826,inv_826,b955581b-7983-489f-bc74-807fde75a328
827,inv_827,f2bc04be-a477-4410-887b-38bb33244bc2
828,inv_828,f9a91f7c-4428-489c-b95c-ad26ebcb6bf3
829,inv_829,1fc12117-8c36-40fb-9d11-0d4effd275b8
830,inv_830,b6a19b2c-f79f-4cf1-abbc-93c5a4495426
831,inv_831,d5dd6378-5b50-4bca-8cfb-3831cde43210
832,inv_832,0f4b34fb-30e1-418f-af5b-bd8f77142ffc
833,inv_833,9860eefc-df9b-4c34-8c93-36c84624253c
834,inv_834,22575427-6d20-41c6-8855-3e47196ccd3d
835,inv_835,3d19b4c3-f5a8-4c4f-ba03-a4940e8de8e0
836,inv_836,e173a02d-ef78-490c-a0d1-eb141d6fe621
837,inv_837,1fd89101-2709-4a41-8b06-814d077cd696
838,inv_838,54c64549-66ce-4070-b2d5-2d650bef0b58
839,inv_839,0b936078-f79b-4d5e-b616-f1a77ff7b14a
840,inv_840,b5638192-c574-47e3-996c-6e9d6f9d5c2c
841,inv_841,0d2f5373-0e51-48e8-8505-fbb31a51f08a
842,inv_842,b48b281f-089e-4a49-b5d8-88026b527432
843,inv_843,35440d79-b231-4ca8-bb01-d51855097eb6
844,inv_844,47597b16-2eae-4ff3-8263-31afc091a3bb
845,inv_845,3176cd40-a157-4e3f-9e42-e4b963b0ceb4
846,inv_846,3958d3f6-4106-428f-9b95-9a57017bba14
847,inv_847,c1f7c5ce-2e00-438d-88ca-855069a321d1
848,inv_848,f2f4609b-793d-4899-a837-57f38fceae31
849,inv_849,cb7bdc85-3597-4978-8117-895e4a2b323c
850,inv_850,9bc858dc-05fb-4493-a508-a3dd78ec54f4
851,inv_851,a0a24e2b-ae93-44de-a0c4-d5909cd3c30a
852,inv_852,0f70bc02-4e64-4c67-981e-8c2cf0f562be
853,inv_853,9581580a-abba-447c-9e65-9ff83444a496
854,inv_854,606d13d8-793f-49a3-8fae-7d85cb647cd7
855,inv_855,c9116c3d-4e12-4ec1-9ab1-3a38b28f057d
856,inv_856,824dcda5-833f-488a-b7ea-ab788d8ff897
857,inv_857,c92c5d5d-ee01-41b5-a834-35ae0c736482
858,inv_858,017f3cec-c8fa-4578-bcfc-0020ce8173d8
859,inv_859,a84341af-cd71-4f22-9821-32417f80e264
860,inv_860,73a449d5-7d90-4e98-94db-ee818066c3ea
861,inv_861,aba6e54f-0a89-47a4-b5c4-c3d1334169e0
862,inv_862,f7ac6c63-d2e3-4813-8c84-eaefb8850935
863,inv_863,b68b495d-2a07-4bfe-a381-9b1f5a1833b3
864,inv_864,c311d469-7a42-4340-95ab-515c611e9f02
865,inv_865,c3350a41-a9fe-4591-9fa0-b373dbea8e26
866,inv_866,9cda7a94-e84c-4e7c-bfd6-5e35ad9dd64e
867,inv_867,85928a97-8b78-4aeb-a016-3e8d999ff968
868,inv_868,8dac93d6-5648-4766-8896-217c36c7f706
869,inv_869,54986588-7b75-4eb7-8bf8-5efa2ba11487
870,inv_870,e6f1b6b1-959a-44d2-8d3b-84eb379a7c69
871,inv_871,a645711c-e256-41ce-95e7-d3aae9b7530c
872,inv_872,12d12d0b-2bef-4f2f-aacc-ef4821cf38a0
873,inv_873,6c682935-ff82-4c6b-a5a7-7bff95566481
874,inv_874,509093b9-24ef-47ed-8b4d-a112539fffac
875,inv_875,6e79fbed-1966-4eb5-bf3a-51a2363686dd
876,inv_876,50c6d46a-6054-4989-a06c-8d428c61a963
877,inv_877,4e9aa885-e056-4c9b-b93f-65fc3af3c8bf
878,inv_878,80039589-741b-4387-9756-268ad01a1034
879,inv_879,bf572b26-9171-4d20-8ec0-a5fa81a1570a
880,inv_880,aeebc67b-ef9d-411e-b939-8578328b0b23
881,inv_881,c8c00cd1-c697-4990-ae1d-54d1d5a4fb24
882,inv_882,0f8570cc-8ac3-419f-a972-89c411fbede6
883,inv_883,66e88f5d-a6f0-4de7-947e-0e458937db9d
884,inv_884,c3b00f19-819e-41fe-98be-067b6f436711
885,inv_885,4b5d7be5-492b-43cf-9098-88b3187b8045
886,inv_886,5ad4cb43-c914-4682-aca9-8fa089778e36
887,inv_887,6b5406c2-84c8-4fd5-bd43-5e6cd7f9e948
888,inv_888,299c5da8-a7fe-41ea-8ff4-02e4c034f535
889,inv_889,1b28625e-27cf-4d43-abc3-85ca37ce5048
890,inv_890,0c354520-0534-4685-a2ba-4c0945451c04
891,inv_891,1d2f2da0-6ce7-4102-a250-69bf1038e94c
892,inv_892,7dd81135-d961-4978-acf1-5678858e2a4b
893,inv_893,2b0b31cb-969f-42d7-9740-4772d215faed
894,inv_894,96a71799-fcce-4274-a8bb-b61e2baed123
895,inv_895,6ab40788-51ed-468a-a50c-730c4e989de8
896,inv_896,53ca2197-dea2-4420-aaf8-1abc5666b26d
897,inv_897,f3ba69b5-fd78-436c-9391-806cff2621ad
898,inv_898,c65b185d-4cc0-401f-b24c-727bdddfe2a0
899,inv_899,be09da13-7288-47cc-93c3-c4155a7f090a
900,inv_900,33875d32-bbc4-469e-99d1-ab5ddd857164
901,inv_901,771d2085-bd5a-45f9-a36e-a8f367c24fcf
902,inv_902,a475b9bd-b3d4-4a2c-8ef6-eb5d4314157f
903,inv_903,012feee2-2065-4e95-90fb-056daba899cd
904,inv_904,6af339b3-c24b-40e8-9fb0-ecafd58c4c14
905,inv_905,3c30226c-18e4-4284-b4e4-72200f9f12d4
906,inv_906,06f58824-c224-492e-bdb1-aa77f150b7bb
907,inv_907,c14f6f57-2006-4e01-9e36-3d5084cc97dc
908,inv_908,c89b0dee-8930-468d-9749-d11d677e9503
909,inv_909,0cb612d7-c3a1-45ff-8c21-f044e3ee29a5
910,inv_910,82f887fd-d41a-434a-9da5-396c86c84fe6
911,inv_911,80641faf-53f1-4493-b473-0483cd76db50
912,inv_912,7531e590-b8ce-4119-a867-31716aefad56
913,inv_913,d08a8cc5-e2f5-4a8c-8581-1c9f16e1e530
914,inv_914,614e986f-5502-4b78-b9b9-d575d3dccf35
915,inv_915,ef182ccb-c163-4899-ae14-213e164ec278
916,inv_916,63af12fa-cb9e-4b41-b422-c65c215c453a
917,inv_917,322d1c39-8fc2-45e6-88f7-3d3d0fb6c564
918,inv_918,479eed1b-c831-4df3-bfd5-9aeaeeb3e4b2
919,inv_919,760c0b66-78b9-484f-b2d0-82b68e1a9391
920,inv_920,d96afd88-8b2b-43bb-b4a3-a3ecdb415bf0
921,inv_921,36c2b1a8-daab-4c98-8f27-582b94278a0b
922,inv_922,8967e7c1-4975-43f4-a2c1-0e1e8d45d659
923,inv_923,cd868a37-8255-4528-bbda-84013808a2ef
924,inv_924,390cecb6-e508-4b2b-9a15-82c1d91db6e8
925,inv_925,e0494132-e689-41e2-8bc2-dec768d1b51f
926,inv_926,6ea030cd-d417-453d-880c-b82ffab35935
927,inv_927,a4e23550-6b92-4e60-aab4-d55437a917c6
928,inv_928,cd2b0493-d82a-42d9-822c-35eb22590249
929,inv_929,c9c4abb2-6acc-4beb-af14-be72947ce23d
930,inv_930,3dbed43e-099a-473f-97a7-f2b621d58c0e
931,inv_931,c953d03a-5392-4454-9ee2-d94e46f32519
932,inv_932,316ad96c-7711-4eb6-9aff-208b228d7cc3
933,inv_933,0eebedd2-f0b7-42c1-a510-cb90e3226f19
934,inv_934,142c52a6-e438-4773-a422-acdf1cd21ea4
935,inv_935,95ff038a-06a8-478f-bb69-f01e63f0f9f3
936,inv_936,32296fd4-3923-410d-946a-34148a53d211
937,inv_937,fe235c93-4749-4d6c-a15e-ff32a7adcc63
938,inv_938,de626f53-77b1-4aed-a3bd-5f19c036789c
939,inv_939,be728f9f-0e37-4c0e-b808-64cac41a7207
940,inv_940,4aad536e-22ea-480a-aa32-5416d2f0dd00
941,inv_941,af64d0ac-4c4b-4fc1-9202-d16965ffe226
942,inv_942,047ffad9-d6ef-4f85-af86-4b12c8939b8d
943,inv_943,c5f087d5-f410-4c6f-817d-0875b33a0163
944,inv_944,49d7f43f-9b8e-481a-ab2a-8ae16306e7bc
945,inv_945,3536a64e-7cd0-4546-b337-cee9c1ddeacf
946,inv_946,ecd36efa-3731-42b2-9b54-4f7962e0af67
947,inv_947,214c1744-1e54-44b5-88e3-7f2c5d43faa3
948,inv_948,e7bec1d5-fe0a-4577-a46d-0d5ed97575c3
949,inv_949,10b42419-7079-4b81-bbf7-d1262b455da2
950,inv_950,80ac3acd-b714-46bd-b76e-95b1d711bf42
951,inv_951,daccda4e-d9b1-45db-b535-d10224dffc9e
952,inv_952,5150dd38-a5ba-4796-91e0-3ccbe5feace7
953,inv_953,8d3ae371-2cf5-4768-91eb-2855f20c6dc6
954,inv_954,34120b1b-05a4-4acf-ba22-1426f2cf0804
955,inv_955,5140f83e-6e14-4968-87c8-952bbcc797e7
956,inv_956,ca2f035a-edd7-47cc-aba1-ffc42f906253
957,inv_957,498887ca-f407-4e0b-8418-3b0744ebd37c
958,inv_958,92eb6ef3-8e26-4f8c-a2a0-6ddc1278e8c5
959,inv_959,e667cbf2-3fef-44c4-bed9-e762cf3a479b
960,inv_960,76482f55-74f7-4758-af70-66b5560d380b
961,inv_961,cecca10e-6bc0-43dd-9bf1-e50bde089505
962,inv_962,b6268811-6772-447f-a3da-cd77358c5f59
963,inv_963,b48b9c9a-4fc6-4e06-996a-e5fc0459d3af
964,inv_964,b4a6b78d-f4fd-4443-88e6-b158b165ad43
965,inv_965,5160e476-0f9a-45f2-9963-de7eaac0afd4
966,inv_966,33657478-ad96-4239-b736-669c66070800
967,inv_967,0154dea1-7120-46d0-b684-3cad5ff39922
968,inv_968,2c435387-a736-472b-aa3d-a4ad8e0452ff
969,inv_969,39f482c9-a462-47fc-8544-16bf5d9c7369
970,inv_970,66c6e919-ca4e-4e0f-9f1e-36c26c5fded0
971,inv_971,cd2a6599-2218-4127-9560-67485b941a4e
972,inv_972,f79c9a16-0563-4310-9f5d-439e15ad7cdf
973,inv_973,06b679d9-2275-4198-8260-43740bccc489
974,inv_974,35f4e66b-19d1-4f11-98a0-c4eee23721ca
975,inv_975,d55812d6-9495-4ca4-b295-a2fbf573ee6b
976,inv_976,74c91833-143a-4423-8a12-fbdd170d23c4
977,inv_977,427d9ec9-2b56-425c-a2dc-bd5b1823d1dd
978,inv_978,062254f0-acd5-46f1-a62f-13b344c64f41
979,inv_979,07234de3-4a30-4a07-915d-ca32b1e0b560
980,inv_980,b683901d-2d7c-4df0-ace8-f41bd7213953
981,inv_981,d0a4e8db-1fe6-4a1e-a9cc-d2646b43ea87
982,inv_982,4646c00d-59ea-4fd7-a5c1-cdec9ebe90f7
983,inv_983,7cd141e3-71e0-406c-a1ff-c2203fd9ad7d
984,inv_984,7c115044-cdc6-48a4-aa41-689a0815503c
985,inv_985,53fb269a-9d36-48f4-a546-07e8d421812c
986,inv_986,209527c2-6532-452a-9f89-8129d5324ad5
987,inv_987,c648e2b1-628b-4128-b3b1-d89be04991c3
988,inv_988,c5ad97e2-29ad-4406-92ca-0e9beea73b8c
989,inv_989,fa8b82e3-5d73-4abf-8ca3-808bf9eb9477
990,inv_990,493dc477-532d-445d-bb5b-576a904d45c5
991,inv_991,1cef9a92-9bf6-4071-9bf1-aa21795bcf6a
992,inv_992,2d854a05-0ab4-4c95-a11c-ad889e74f3db
993,inv_993,de951c8e-485f-4f99-8b01-56005348d935
994,inv_994,33cd9554-b685-4ff4-8151-b6ca84baafa4
995,inv_995,268982cb-0d08-4c43-8cef-0426af20c099
996,inv_996,ab572942-b6bf-4b56-a060-25cf1e04628c
997,inv_997,49a9f65f-91ce-4f10-b5c1-d7e7687e0287
998,inv_998,4f21ff8f-eb35-4868-882e-eb288d0172c0
999,inv_999,f871f549-790e-4ac8-8b6f-8043098901d6
